REGIAO:;CO
UF:;MT
ESTACAO:;ITANHANGA
CODIGO (WMO):;A950
LATITUDE:;-12,23416666
LONGITUDE:;-56,60222222
ALTITUDE:;350
DATA DE FUNDACAO:;01/12/25
Data;Hora UTC;PRECIPITAÇÃO TOTAL, HORÁRIO (mm);PRESSAO ATMOSFERICA AO NIVEL DA ESTACAO, HORARIA (mB);PRESSÃO ATMOSFERICA MAX.NA HORA ANT. (AUT) (mB);PRESSÃO ATMOSFERICA MIN. NA HORA ANT. (AUT) (mB);RADIACAO GLOBAL (Kj/m²);TEMPERATURA DO AR - BULBO SECO, HORARIA (°C);TEMPERATURA DO PONTO DE ORVALHO (°C);TEMPERATURA MÁXIMA NA HORA ANT. (AUT) (°C);TEMPERATURA MÍNIMA NA HORA ANT. (AUT) (°C);TEMPERATURA ORVALHO MAX. NA HORA ANT. (AUT) (°C);TEMPERATURA ORVALHO MIN. NA HORA ANT. (AUT) (°C);UMIDADE REL. MAX. NA HORA ANT. (AUT) (%);UMIDADE REL. MIN. NA HORA ANT. (AUT) (%);UMIDADE RELATIVA DO AR, HORARIA (%);VENTO, DIREÇÃO HORARIA (gr) (° (gr));VENTO, RAJADA MAXIMA (m/s);VENTO, VELOCIDADE HORARIA (m/s);
2025/12/01;0000 UTC;;;;;;;;;;;;;;;;;;
2025/12/01;0100 UTC;;;;;;;;;;;;;;;;;;
2025/12/01;0200 UTC;;;;;;;;;;;;;;;;;;
2025/12/01;0300 UTC;;;;;;;;;;;;;;;;;;
2025/12/01;0400 UTC;;;;;;;;;;;;;;;;;;
2025/12/01;0500 UTC;;;;;;;;;;;;;;;;;;
2025/12/01;0600 UTC;;;;;;;;;;;;;;;;;;
2025/12/01;0700 UTC;;;;;;;;;;;;;;;;;;
2025/12/01;0800 UTC;;;;;;;;;;;;;;;;;;
2025/12/01;0900 UTC;;;;;;;;;;;;;;;;;;
2025/12/01;1000 UTC;;;;;;;;;;;;;;;;;;
2025/12/01;1100 UTC;;;;;;;;;;;;;;;;;;
2025/12/01;1200 UTC;;;;;;;;;;;;;;;;;;
2025/12/01;1300 UTC;;;;;;;;;;;;;;;;;;
2025/12/01;1400 UTC;;;;;;;;;;;;;;;;;;
2025/12/01;1500 UTC;;;;;;;;;;;;;;;;;;
2025/12/01;1600 UTC;;;;;;;;;;;;;;;;;;
2025/12/01;1700 UTC;;;;;;;;;;;;;;;;;;
2025/12/01;1800 UTC;;;;;;;;;;;;;;;;;;
2025/12/01;1900 UTC;;;;;;;;;;;;;;;;;;
2025/12/01;2000 UTC;;;;;;;;;;;;;;;;;;
2025/12/01;2100 UTC;;;;;;;;;;;;;;;;;;
2025/12/01;2200 UTC;;;;;;;;;;;;;;;;;;
2025/12/01;2300 UTC;;;;;;;;;;;;;;;;;;
2025/12/02;0000 UTC;;;;;;;;;;;;;;;;;;
2025/12/02;0100 UTC;;;;;;;;;;;;;;;;;;
2025/12/02;0200 UTC;;;;;;;;;;;;;;;;;;
2025/12/02;0300 UTC;;;;;;;;;;;;;;;;;;
2025/12/02;0400 UTC;;;;;;;;;;;;;;;;;;
2025/12/02;0500 UTC;;;;;;;;;;;;;;;;;;
2025/12/02;0600 UTC;;;;;;;;;;;;;;;;;;
2025/12/02;0700 UTC;;;;;;;;;;;;;;;;;;
2025/12/02;0800 UTC;;;;;;;;;;;;;;;;;;
2025/12/02;0900 UTC;;;;;;;;;;;;;;;;;;
2025/12/02;1000 UTC;;;;;;;;;;;;;;;;;;
2025/12/02;1100 UTC;;;;;;;;;;;;;;;;;;
2025/12/02;1200 UTC;;;;;;;;;;;;;;;;;;
2025/12/02;1300 UTC;;;;;;;;;;;;;;;;;;
2025/12/02;1400 UTC;;;;;;;;;;;;;;;;;;
2025/12/02;1500 UTC;;;;;;;;;;;;;;;;;;
2025/12/02;1600 UTC;;;;;;;;;;;;;;;;;;
2025/12/02;1700 UTC;;;;;;;;;;;;;;;;;;
2025/12/02;1800 UTC;;;;;;;;;;;;;;;;;;
2025/12/02;1900 UTC;;;;;;;;;;;;;;;;;;
2025/12/02;2000 UTC;;;;;;;;;;;;;;;;;;
2025/12/02;2100 UTC;;;;;;;;;;;;;;;;;;
2025/12/02;2200 UTC;0;966;966;964,9;;27,1;;27,9;27;;;;;;68;4,8;1,6;
2025/12/02;2300 UTC;0;967,4;967,4;965,9;;26,4;;27,1;26,3;;;;;;11;2,9;,5;
2025/12/03;0000 UTC;0;968,1;968,1;967,4;;24,5;;26,4;24,5;;;;;;257;7,1;2,9;
2025/12/03;0100 UTC;0;968,5;968,5;968,1;;24;;24,5;24;;;;;;276;6,3;2,5;
2025/12/03;0200 UTC;0;969,2;969,2;968,5;;23,8;;24,1;23,8;;;;;;187;3,3;1,6;
2025/12/03;0300 UTC;0;969,2;969,6;969,2;;23,6;;23,8;23,5;;;;;;202;3,2;1,4;
2025/12/03;0400 UTC;0;968,4;969,2;968,4;;24,2;;24,2;23,6;;;;;;134;2,3;,4;
2025/12/03;0500 UTC;0;967,7;968,4;967,7;;23,8;;24,4;23,8;;;;;;59;2,3;1,2;
2025/12/03;0600 UTC;0;967;967,7;967;;24,2;;24,2;23,6;;;;;;57;2,3;,7;
2025/12/03;0700 UTC;0;967;967,1;966,9;;24;;24,2;24;;;;;;173;1,4;,5;
2025/12/03;0800 UTC;0;967,7;967,7;967;;23,8;;24;23,6;;;;;;140;1,3;,4;
2025/12/03;0900 UTC;0;967,9;968;967,7;;23,7;;24,2;23,7;;;;;;158;1,9;1,4;
2025/12/03;1000 UTC;0;969,2;969,2;967,9;;23,5;;23,7;23,4;;;;;;206;3,4;1,9;
2025/12/03;1100 UTC;1,8;970;970;969,2;;23,5;;23,7;23,4;;;;;;172;4,1;2,2;
2025/12/03;1200 UTC;3;970,8;970,8;970;;23,5;;23,6;23,4;;;;;;149;3,5;2,3;
2025/12/03;1300 UTC;2,2;971,8;971,8;970,8;;23;;23,6;22,8;;;;;;62;3,5;1,8;
2025/12/03;1400 UTC;9;972,2;972,4;971,8;;22,3;;23,1;22,3;;;;;;65;5,1;2,5;
2025/12/03;1500 UTC;2,8;971,5;972,2;971,5;;22,4;;22,4;22,2;;;;;;41;6,7;3;
2025/12/03;1600 UTC;;;;;;;;;;;;;;;;;;
2025/12/03;1700 UTC;,4;969,2;970,5;969,2;;23,9;;23,9;22,5;;;;;;355;5,3;3,3;
2025/12/03;1800 UTC;0;968,6;969,2;968,5;;24,4;;24,5;23,9;;;;;;341;9,6;5,9;
2025/12/03;1900 UTC;0;967,3;968,6;967,3;;25,4;;25,4;24,4;;;;;;329;9,6;4,7;
2025/12/03;2000 UTC;0;967,1;967,3;967;;24,1;;25,5;24,1;;;;;;337;8,5;4,2;
2025/12/03;2100 UTC;0;967,6;967,6;967,1;;23,1;;24,1;23,1;;;;;;343;7,3;3,3;
2025/12/03;2200 UTC;0;968,3;968,3;967,6;;22,6;;23,1;22,6;;;;;;291;6,6;1,1;
2025/12/03;2300 UTC;0;969;969;968,3;;22,5;;22,6;22,4;;;;;;196;1,9;1,2;
2025/12/04;0000 UTC;0;970,2;970,2;969;;22,7;;22,7;22,5;;;;;;63;1,9;,9;
2025/12/04;0100 UTC;0;970,7;970,7;970,2;;22,6;;22,7;22,4;;;;;;8;1,7;,4;
2025/12/04;0200 UTC;0;970,7;970,8;970,7;;22,5;;22,7;22,5;;;;;;43;2;1;
2025/12/04;0300 UTC;0;970,7;971;970,7;;22,3;;22,6;22,3;;;;;;338;2,4;1,6;
2025/12/04;0400 UTC;0;970,2;970,7;970,2;;22,4;;22,5;22,3;;;;;;26;2,7;1,5;
2025/12/04;0500 UTC;0;969,2;970,2;969,2;;22,1;;22,5;22,1;;;;;;44;2,5;1,3;
2025/12/04;0600 UTC;0;968,8;969,2;968,7;;21,9;;22,1;21,8;;;;;;35;2,9;1,6;
2025/12/04;0700 UTC;0;968,8;968,9;968,7;;21,9;;21,9;21,9;;;;;;357;3,9;2;
2025/12/04;0800 UTC;0;968,9;969;968,7;;21,9;;21,9;21,9;;;;;;3;4,2;2,3;
2025/12/04;0900 UTC;0;969;969;968,7;;21,9;;21,9;21,9;;;;;;1;4,1;2;
2025/12/04;1000 UTC;0;970,1;970,1;969;;22,2;;22,2;21,9;;;;;;349;3,5;1,8;
2025/12/04;1100 UTC;0;970,7;970,7;970,1;;23,1;;23,1;22,2;;;;;;8;3,8;1,4;
2025/12/04;1200 UTC;0;970,7;970,8;970,7;;24;;24;23,1;;;;;;360;3,4;1,9;
2025/12/04;1300 UTC;0;970,7;970,8;970,7;;25,1;;25,2;24;;;;;;350;5,2;2,8;
2025/12/04;1400 UTC;0;970,5;970,8;970,5;;26,5;;26,6;24,9;;;;;;357;5,5;3,1;
2025/12/04;1500 UTC;0;970,3;970,6;970,3;;26,3;;27,1;25,9;;;;;;337;5,9;3,9;
2025/12/04;1600 UTC;0;969,3;970,3;969,3;;27,6;;27,6;25,6;;;;;;308;7,2;3,3;
2025/12/04;1700 UTC;0;968,4;969,3;968,4;;27,5;;28,2;27,1;;;;;;317;8,1;3,9;
2025/12/04;1800 UTC;1,6;966,9;968,4;966,9;;28,4;;28,4;25;;;;;;338;8,4;3,9;
2025/12/04;1900 UTC;0;966;966,9;965,9;;28,6;;29,2;27,7;;;;;;332;6,9;3,8;
2025/12/04;2000 UTC;0;965,5;966;965,5;;25,9;;28,7;25,8;;;;;;280;9,1;2,5;
2025/12/04;2100 UTC;3,2;965,6;965,7;965,4;;25,1;;27,3;24,5;;;;;;331;8;1,6;
2025/12/04;2200 UTC;0;966;966;965,6;;25;;26,3;25;;;;;;306;4,7;1,5;
2025/12/04;2300 UTC;0;966,9;966,9;966;;24,3;;25,3;24,3;;;;;;315;3,1;2,3;
2025/12/05;0000 UTC;0;968;968;966,9;;24,1;;24,8;24,1;;;;;;12;3;1,8;
2025/12/05;0100 UTC;0;968,6;968,7;968;;24;;24,1;23,8;;;;;;355;3;1,5;
2025/12/05;0200 UTC;0;969,3;969,3;968,6;;23,8;;24,1;23,5;;;;;;330;3,9;2,6;
2025/12/05;0300 UTC;0;969;969,4;969;;23,5;;23,8;23,5;;;;;;306;5,7;4,2;
2025/12/05;0400 UTC;0;968,5;969;968,5;;23;;23,5;23;;;;;;346;5,7;1,7;
2025/12/05;0500 UTC;0;967,8;968,5;967,8;;23,1;;23,2;23;;;;;;358;2,9;1,3;
2025/12/05;0600 UTC;1,4;967,4;967,8;967,4;;22,9;;23,1;22,9;;;;;;325;4;2,7;
2025/12/05;0700 UTC;4,2;967,3;967,4;967,2;;22,8;;22,9;22,7;;;;;;5;5,7;2,5;
2025/12/05;0800 UTC;6,2;967,5;967,5;967,2;;22,4;;22,8;22,4;;;;;;352;6;3,4;
2025/12/05;0900 UTC;5,8;968;968;967,5;;22,4;;22,4;22,4;;;;;;4;7,1;1,9;
2025/12/05;1000 UTC;1,6;968,8;968,8;968;;22,5;;22,6;22,4;;;;;;10;4,2;2,4;
2025/12/05;1100 UTC;2,6;969,7;969,7;968,8;;22,6;;22,6;22,5;;;;;;353;6,5;2,5;
2025/12/05;1200 UTC;6,2;970,2;970,2;969,7;;21,6;;22,7;21,6;;;;;;289;7,8;4,5;
2025/12/05;1300 UTC;5,6;970,3;970,4;970,2;;21,8;;21,8;21,5;;;;;;318;7;2,6;
2025/12/05;1400 UTC;1,4;970;970,3;970;;22,6;;22,7;21,8;;;;;;313;7,3;4,4;
2025/12/05;1500 UTC;2,4;969,9;970,1;969,9;;22,4;;22,7;22,3;;;;;;319;8,9;3,3;
2025/12/05;1600 UTC;1,4;969,1;969,9;969,1;;22,7;;22,8;22,4;;;;;;343;5,9;2,9;
2025/12/05;1700 UTC;,8;968;969,1;968;;23,2;;23,2;22,7;;;;;;1;6,8;3,2;
2025/12/05;1800 UTC;,2;967,3;968;967,3;;23,6;;23,6;23,2;;;;;;354;5,7;2,9;
2025/12/05;1900 UTC;,2;966,1;967,3;966,1;;23,9;;24;23,5;;;;;;19;4,5;2,5;
2025/12/05;2000 UTC;0;965,8;966,1;965,7;;24,9;;24,9;23,9;;;;;;360;4,9;2,4;
2025/12/05;2100 UTC;0;965,9;965,9;965,7;;24,7;;25;24,7;;;;;;345;4,2;1,6;
2025/12/05;2200 UTC;16;967,1;967,1;965,9;;22,5;;24,7;22,5;;;;;;295;12,3;3,6;
2025/12/05;2300 UTC;4,2;968,1;968,1;967,1;;22,7;;22,7;22,5;;;;;;;6;;
2025/12/06;0000 UTC;3,8;968,8;968,8;968,1;;22,7;;22,7;22,7;;;;;;314;4,5;2,2;
2025/12/06;0100 UTC;2,6;969,7;969,7;968,8;;22,6;;22,7;22,6;;;;;;341;3,2;1,2;
2025/12/06;0200 UTC;1,4;970,2;970,2;969,7;;22,7;;22,7;22,6;;;;;;19;2;1,1;
2025/12/06;0300 UTC;1,8;970,1;970,2;969,9;;22,6;;22,7;22,6;;;;;;283;3,5;1,8;
2025/12/06;0400 UTC;,8;969,3;970,1;969,2;;22,6;;22,8;22,6;;;;;;312;4;2,4;
2025/12/06;0500 UTC;,4;968,1;969,3;968,1;;22,4;;22,6;22,4;;;;;;348;5,7;2,3;
2025/12/06;0600 UTC;0;967,5;968,1;967,5;;22,2;;22,4;22,2;;;;;;8;4;1,8;
2025/12/06;0700 UTC;0;967,8;967,8;967,5;;22;;22,2;22;;;;;;1;3,3;1,9;
2025/12/06;0800 UTC;,2;968,1;968,1;967,8;;22;;22;22;;;;;;9;3,4;1,7;
2025/12/06;0900 UTC;0;968,7;968,7;968,1;;22;;22;22;;;;;;4;3,4;1,9;
2025/12/06;1000 UTC;5,4;969,9;969,9;968,7;;22;;22;21,9;;;;;;317;7,1;3,4;
2025/12/06;1100 UTC;4,4;970,6;970,6;969,9;;22,1;;22,1;21,9;;;;;;330;6;1,9;
2025/12/06;1200 UTC;1,4;971,2;971,2;970,6;;22,8;;22,8;22,1;;;;;;358;4,1;2,5;
2025/12/06;1300 UTC;0;971,7;971,8;971,2;;23,5;;23,6;22,7;;;;;;324;7,8;4,4;
2025/12/06;1400 UTC;,8;971,6;971,8;971,6;;23,2;;23,6;23,1;;;;;;334;8,1;3,5;
2025/12/06;1500 UTC;,2;971;971,6;971;;24,4;;24,5;23,2;;;;;;323;5,8;2,4;
2025/12/06;1600 UTC;0;970,2;971;970,2;;26;;26;24,4;;;;;;357;6,1;2,6;
2025/12/06;1700 UTC;0;969;970,2;969;;27,8;;28,1;26;;;;;;325;6,9;4,7;
2025/12/06;1800 UTC;0;967,9;968,9;967,9;;28,3;;29;27,4;;;;;;320;7,9;3,7;
2025/12/06;1900 UTC;0;966,8;967,9;966,8;;27,8;;29;27,8;;;;;;317;6,6;3;
2025/12/06;2000 UTC;0;966,4;966,8;966,3;;27,5;;28;27,2;;;;;;303;5,3;2,9;
2025/12/06;2100 UTC;0;966,8;966,8;966,4;;25,7;;27,6;25,7;;;;;;295;6,4;4,2;
2025/12/06;2200 UTC;,2;967,2;967,3;966,8;;24,4;;25,7;24,1;;;;;;6;6,5;1,8;
2025/12/06;2300 UTC;0;968,2;968,2;967,2;;24,1;;24,4;24;;;;;;11;3;1,6;
2025/12/07;0000 UTC;0;969,3;969,3;968,2;;23,7;;24,1;23,7;;;;;;353;3,1;1,9;
2025/12/07;0100 UTC;0;970,1;970,2;969,3;;23,2;;23,7;23,2;;;;;;344;3,2;2,1;
2025/12/07;0200 UTC;0;970,4;970,4;970,1;;22,8;;23,4;22,8;;;;;;358;6,5;3,7;
2025/12/07;0300 UTC;0;970,4;970,5;970,4;;22,6;;22,8;22,6;;;;;;352;6,5;3,3;
2025/12/07;0400 UTC;0;970;970,4;969,9;;22,4;;22,6;22,3;;;;;;4;5,5;1,8;
2025/12/07;0500 UTC;0;969,2;970;969,2;;22,2;;22,4;22,2;;;;;;354;3,1;1,9;
2025/12/07;0600 UTC;0;968,9;969,2;968,9;;22,3;;22,3;22,2;;;;;;9;3,9;2,2;
2025/12/07;0700 UTC;0;969;969,1;968,8;;22,2;;22,3;22,2;;;;;;2;3,5;1,8;
2025/12/07;0800 UTC;0;969,2;969,2;969;;22,2;;22,2;22,2;;;;;;2;3,1;2;
2025/12/07;0900 UTC;0;969,9;969,9;969,2;;22,3;;22,3;22,2;;;;;;16;4,7;2,2;
2025/12/07;1000 UTC;0;970,6;970,6;969,9;;22,4;;22,4;22,3;;;;;;30;3,9;2,2;
2025/12/07;1100 UTC;0;971;971;970,6;;22,6;;22,6;22,4;;;;;;25;4,5;2,7;
2025/12/07;1200 UTC;0;971,4;971,4;971;;23,1;;23,2;22,6;;;;;;11;4,5;2,6;
2025/12/07;1300 UTC;0;971,9;971,9;971,4;;24;;24,1;23,1;;;;;;1;6,3;3,1;
2025/12/07;1400 UTC;0;971,9;972;971,9;;24,9;;24,9;24;;;;;;344;4,9;2,9;
2025/12/07;1500 UTC;0;971,4;971,9;971,4;;25,9;;26;24,9;;;;;;347;4,9;2,1;
2025/12/07;1600 UTC;0;970,5;971,4;970,5;;26,7;;26,7;25,9;;;;;;3;3,7;1,7;
2025/12/07;1700 UTC;0;969,5;970,5;969,5;;26,8;;26,8;26,4;;;;;;335;3,3;1,1;
2025/12/07;1800 UTC;0;968,1;969,5;968,1;;27,4;;27,5;26,8;;;;;;76;2,9;1,4;
2025/12/07;1900 UTC;0;967,1;968,1;967,1;;28,2;;28,3;27,4;;;;;;332;3,8;2,3;
2025/12/07;2000 UTC;0;966,6;967,1;966,6;;28,1;;28,4;27,9;;;;;;10;3,8;1,4;
2025/12/07;2100 UTC;1,4;967,5;967,5;966,4;;23,9;;28,1;23,7;;;;;;7;9,6;2,1;
2025/12/07;2200 UTC;,4;968,2;968,2;967,5;;23,9;;23,9;23,7;;;;;;47;4,2;1;
2025/12/07;2300 UTC;,2;969,1;969,1;968,2;;23,6;;23,9;23,5;;;;;;25;4;1,5;
2025/12/08;0000 UTC;,4;970;970;969,1;;23,1;;23,6;23;;;;;;14;4;2,6;
2025/12/08;0100 UTC;,6;970,8;970,8;970;;23;;23,1;23;;;;;;2;5;2,8;
2025/12/08;0200 UTC;,8;971,7;971,7;970,8;;22,8;;23;22,8;;;;;;2;5,1;2,6;
2025/12/08;0300 UTC;,4;971,4;971,7;971,4;;22,6;;22,8;22,6;;;;;;358;4,4;2,7;
2025/12/08;0400 UTC;0;970,7;971,4;970,7;;22,5;;22,7;22,5;;;;;;6;4,5;2,4;
2025/12/08;0500 UTC;0;969,9;970,7;969,9;;22,3;;22,5;22,3;;;;;;23;3,8;2;
2025/12/08;0600 UTC;0;969,6;969,9;969,6;;22,2;;22,3;22,1;;;;;;19;4,2;2,2;
2025/12/08;0700 UTC;0;969,1;969,6;969,1;;22,1;;22,2;22,1;;;;;;20;4,2;1,9;
2025/12/08;0800 UTC;,2;969,5;969,5;969,1;;22;;22,1;22;;;;;;17;3,6;2,1;
2025/12/08;0900 UTC;0;970,4;970,4;969,5;;22;;22,1;22;;;;;;22;3,7;1,9;
2025/12/08;1000 UTC;,4;971,5;971,5;970,4;;22;;22,1;22;;;;;;34;3,7;1,3;
2025/12/08;1100 UTC;,2;972,3;972,3;971,5;;22,1;;22,1;22;;;;;;29;3,4;1,7;
2025/12/08;1200 UTC;0;972,1;972,3;972,1;;22,5;;22,5;22,1;;;;;;36;4,4;2,5;
2025/12/08;1300 UTC;0;971,8;972,1;971,8;;22,9;;23;22,5;;;;;;32;4,8;2,5;
2025/12/08;1400 UTC;0;971,9;972;971,8;;24,2;;24,3;22,9;;;;;;9;4,5;2,5;
2025/12/08;1500 UTC;0;971,4;971,9;971,4;;25,6;;25,6;24,1;;;;;;345;5,1;2,7;
2025/12/08;1600 UTC;,6;971;971,5;971;;24,4;;25,6;24,3;;;;;;341;5,5;2,5;
2025/12/08;1700 UTC;0;970,4;971,1;970,4;;24,2;;24,4;24;;;;;;358;4,3;1,6;
2025/12/08;1800 UTC;0;968,8;970,4;968,8;;25,6;;25,6;24,1;;;;;;121;2,6;1,3;
2025/12/08;1900 UTC;0;967,7;968,8;967,7;;26,2;;26,9;25,6;;;;;;354;2,7;1,2;
2025/12/08;2000 UTC;2,8;968,2;968,2;967,5;;23,7;;26,8;23,7;;;;;;281;16,3;5,1;
2025/12/08;2100 UTC;12,2;967,9;968,4;967,9;;21,7;;23,6;21,5;;;;;;29;16,3;2,3;
2025/12/08;2200 UTC;,4;968,4;968,4;967,9;;22;;22;21,7;;;;;;36;3,9;2;
2025/12/08;2300 UTC;,6;969,4;969,4;968,4;;22,3;;22,3;22;;;;;;41;3,2;,5;
2025/12/09;0000 UTC;0;969,9;969,9;969,4;;22,4;;22,4;22,3;;;;;;5;1,4;,6;
2025/12/09;0100 UTC;0;970,3;970,4;969,9;;22,4;;22,5;22,3;;;;;;17;2,2;1,2;
2025/12/09;0200 UTC;0;970,8;970,8;970,3;;22,5;;22,5;22,4;;;;;;22;3;2;
2025/12/09;0300 UTC;0;970,8;971;970,8;;22,7;;22,7;22,5;;;;;;22;3,6;2;
2025/12/09;0400 UTC;,2;970,3;971;970,3;;22,9;;22,9;22,7;;;;;;33;4;2;
2025/12/09;0500 UTC;0;969,8;970,3;969,8;;22,7;;22,9;22,7;;;;;;14;3,9;2,5;
2025/12/09;0600 UTC;0;969,4;969,8;969,4;;22,3;;22,7;22,3;;;;;;359;4,4;1,7;
2025/12/09;0700 UTC;0;969,4;969,4;969,3;;22,2;;22,3;22,2;;;;;;15;3,4;2;
2025/12/09;0800 UTC;0;969,4;969,4;969,1;;22;;22,2;22;;;;;;7;4,1;2,2;
2025/12/09;0900 UTC;0;969,8;969,8;969,4;;21,8;;22;21,8;;;;;;5;4,1;2,3;
2025/12/09;1000 UTC;0;970,4;970,4;969,8;;22;;22;21,8;;;;;;6;4,2;2,4;
2025/12/09;1100 UTC;0;970,7;970,8;970,4;;22,9;;23;22;;;;;;8;6,8;4;
2025/12/09;1200 UTC;0;971;971;970,7;;24,9;;25;22,9;;;;;;3;7,7;4,5;
2025/12/09;1300 UTC;0;971,1;971,2;971;;26,2;;26,5;24,9;;;;;;352;8,6;4;
2025/12/09;1400 UTC;0;971;971,1;971;;27,5;;27,8;26;;;;;;335;7,2;4,1;
2025/12/09;1500 UTC;0;970,5;971;970,5;;28,8;;28,8;27,5;;;;;;316;9,2;4;
2025/12/09;1600 UTC;0;969,8;970,5;969,8;;28,8;;29,8;28,4;;;;;;316;7,3;3,9;
2025/12/09;1700 UTC;0;968,6;969,8;968,6;;29,8;;30,3;28,7;;;;;;314;7;4,2;
2025/12/09;1800 UTC;,2;967,8;968,7;967,8;;28,6;;30,6;28,6;;;;;;10;7,1;2,1;
2025/12/09;1900 UTC;,2;967,6;967,9;967,5;;25,5;;29,1;25,5;;;;;;302;11,6;3,3;
2025/12/09;2000 UTC;0;967,6;967,7;967,5;;25,5;;26,1;25,4;;;;;;252;6,7;1,6;
2025/12/09;2100 UTC;0;967,6;967,7;967,4;;25;;25,6;25;;;;;;212;3,3;,9;
2025/12/09;2200 UTC;0;968,6;968,6;967,6;;24,9;;25,1;24,8;;;;;;211;2,5;1,1;
2025/12/09;2300 UTC;0;968,9;969,2;968,6;;22,7;;25;22,7;;;;;;267;9,3;1,5;
2025/12/10;0000 UTC;0;969,7;969,7;968,9;;22,2;;22,7;22,1;;;;;;340;3,5;2;
2025/12/10;0100 UTC;,4;970,4;970,4;969,7;72;22,4;;22,4;22,1;;;;;;74;3,5;,3;
2025/12/10;0200 UTC;,2;970,6;970,7;970,4;365,7;22,4;;22,5;22,4;;;;;;18;1,6;1;
2025/12/10;0300 UTC;0;970,3;970,6;970,2;356;22,5;;22,6;22,4;;;;;;95;1,5;1,1;
2025/12/10;0400 UTC;0;969,9;970,4;969,9;350,1;22,5;;22,6;22,4;;;;;;25;2,3;1,2;
2025/12/10;0500 UTC;,2;969,4;969,9;969,4;343;22,7;;22,7;22,5;;;;;;125;2,1;,7;
2025/12/10;0600 UTC;0;968,9;969,4;968,9;336,9;22,6;;22,7;22,6;;;;;;359;2,4;1,6;
2025/12/10;0700 UTC;0;969,1;969,1;968,9;334,4;22,4;;22,6;22,4;;;;;;349;2,4;1,3;
2025/12/10;0800 UTC;0;969,8;969,8;969,1;333,8;22,5;;22,5;22,4;;;;;;262;4,4;1,7;
2025/12/10;0900 UTC;0;970,1;970,1;969,8;336;22,5;;22,6;22,5;;;;;;219;4,4;1;
2025/12/10;1000 UTC;,2;970,9;970,9;970,1;336,3;22,6;;22,6;22,5;;;;;;162;2,5;1,1;
2025/12/10;1100 UTC;0;972;972;970,9;329,5;23,1;;23,1;22,6;;;;;;118;2,4;,5;
2025/12/10;1200 UTC;,2;972,8;972,8;972;344;23,6;;23,7;23,1;;;;;;15;4,8;3,1;
2025/12/10;1300 UTC;0;973,3;973,3;972,8;387,4;24,8;;24,9;23,6;;;;;;344;5,4;2,8;
2025/12/10;1400 UTC;0;973,2;973,4;973,2;408,6;25,9;;26;24,7;;;;;;321;4,2;2,1;
2025/12/10;1500 UTC;0;972,5;973,2;972,5;405,9;26,9;;27;25,8;;;;;;311;4,3;2,7;
2025/12/10;1600 UTC;0;971,3;972,5;971,3;404,1;29;;29;26,8;;;;;;305;5,8;2,4;
2025/12/10;1700 UTC;0;970,1;971,3;970,1;397,5;29;;29,6;28,3;;;;;;304;5,7;2,7;
2025/12/10;1800 UTC;0;968,9;970,1;968,9;447,3;29,8;;30;28,6;;;;;;263;5;2,4;
2025/12/10;1900 UTC;0;968,3;968,9;968,3;424,1;30,3;;30,3;29,6;;;;;;294;6,6;4,5;
2025/12/10;2000 UTC;0;967,8;968,3;967,7;397,3;29,7;;30,3;29,7;;;;;;311;6,6;3,5;
2025/12/10;2100 UTC;0;968;968;967,6;362,8;28,4;;29,8;28,4;;;;;;354;5,6;2,6;
2025/12/10;2200 UTC;0;968,7;968,7;968;351,5;27,8;;28,7;27,8;;;;;;7;3,5;2;
2025/12/10;2300 UTC;0;969,8;969,8;968,7;379,8;25,1;;27,8;25,1;;;;;;19;7,7;4,1;
2025/12/11;0000 UTC;0;970,3;970,5;969,7;392,7;24,1;;25,1;24,1;;;;;;345;6,8;4,1;
2025/12/11;0100 UTC;,2;970,1;970,3;969,8;391;23,2;;24,2;23,2;;;;;;339;7,7;3,2;
2025/12/11;0200 UTC;0;970,1;970,6;970,1;384,6;23,1;;23,3;23,1;;;;;;22;5,5;,8;
2025/12/11;0300 UTC;0;970;970,2;969,9;375;23;;23,2;23;;;;;;194;3;1,3;
2025/12/11;0400 UTC;0;969,4;970;969,4;368,7;22,9;;23;22,9;;;;;;104;2,6;1,3;
2025/12/11;0500 UTC;0;968,9;969,4;968,9;366,2;22,5;;22,9;22,5;;;;;;61;2,4;1,2;
2025/12/11;0600 UTC;0;968,4;968,9;968,4;363,6;22,2;;22,5;22,2;;;;;;18;3,6;2,2;
2025/12/11;0700 UTC;0;968,4;968,5;968,3;361,9;22,2;;22,2;22,1;;;;;;9;3,5;1,8;
2025/12/11;0800 UTC;0;968,6;968,6;968,4;355,4;22,2;;22,2;22;;;;;;34;3,3;1,8;
2025/12/11;0900 UTC;0;969,2;969,2;968,6;347;22,5;;22,6;22,2;;;;;;38;3,9;1,2;
2025/12/11;1000 UTC;0;970,1;970,1;969,2;337,3;22,6;;22,6;22,4;;;;;;353;3,5;,3;
2025/12/11;1100 UTC;0;971,2;971,2;970,1;340,6;23,6;;23,6;22,6;;;;;;184;1,7;,4;
2025/12/11;1200 UTC;0;971,6;971,6;971,2;372,9;24,9;;24,9;23,4;;;;;;279;1,7;,9;
2025/12/11;1300 UTC;0;971,7;971,7;971,6;400,8;26,5;;26,6;24,9;;;;;;337;3,7;2,2;
2025/12/11;1400 UTC;0;971,6;971,8;971,6;407,1;27,4;;27,7;26,5;;;;;;5;5,4;2,9;
2025/12/11;1500 UTC;0;971,1;971,6;971,1;396,1;29,2;;29,2;27,1;;;;;;2;5,5;2,7;
2025/12/11;1600 UTC;0;969,8;971,1;969,8;401,7;29,9;;30;28,8;;;;;;339;5,6;2,3;
2025/12/11;1700 UTC;0;968,3;969,8;968,3;431,8;30,8;;31,1;29,6;;;;;;336;6,1;3,7;
2025/12/11;1800 UTC;0;967;968,3;967;416,9;31,4;;31,7;30,5;;;;;;345;5,8;2,4;
2025/12/11;1900 UTC;0;966,2;967;966,2;420,5;31,6;;32,1;30,4;;;;;;337;5;1,8;
2025/12/11;2000 UTC;0;965,9;966,3;965,9;397,1;31,2;;32;30,6;;;;;;356;4,4;2,3;
2025/12/11;2100 UTC;0;966,5;966,5;965,9;372,1;29,9;;31,6;29,8;;;;;;46;7,5;3,7;
2025/12/11;2200 UTC;0;966,9;966,9;966,5;379,3;28;;29,9;26,9;;;;;;37;6,9;2,3;
2025/12/11;2300 UTC;0;967,7;967,7;966,9;389,6;26,9;;28;26,9;;;;;;29;6;2,2;
2025/12/12;0000 UTC;0;968;968;967,7;387,7;25,9;;26,9;25,9;;;;;;21;6;2,6;
2025/12/12;0100 UTC;0;968,8;968,8;968;391,6;24,9;;25,9;24,8;;;;;;21;4,7;1,8;
2025/12/12;0200 UTC;0;969,1;969,1;968,7;393,8;23,8;;24,9;23,8;;;;;;5;3,7;2,2;
2025/12/12;0300 UTC;0;969,1;969,2;969;389,3;23,5;;23,8;23,4;;;;;;21;3,7;1;
2025/12/12;0400 UTC;0;968,5;969,1;968,5;383,8;23;;23,6;23;;;;;;14;3;1,9;
2025/12/12;0500 UTC;0;968,1;968,5;968;378,3;22,6;;23;22,5;;;;;;2;3,2;2;
2025/12/12;0600 UTC;0;968,1;968,2;968;371,9;22,7;;22,7;22,5;;;;;;27;3;1,6;
2025/12/12;0700 UTC;0;968,1;968,2;968;362,6;22,6;;22,9;22,6;;;;;;1;2,8;1,3;
2025/12/12;0800 UTC;0;968,5;968,5;968,1;356,2;22,6;;22,8;22,5;;;;;;347;2,2;1,4;
2025/12/12;0900 UTC;0;968,8;968,8;968,5;344,2;22,9;;22,9;22,6;;;;;;25;2,1;,5;
2025/12/12;1000 UTC;0;969,2;969,2;968,8;339,1;23,3;;23,3;22,9;;;;;;130;1,8;,6;
2025/12/12;1100 UTC;0;970;970;969,2;352,5;23,7;;24,1;23,3;;;;;;50;3,1;2;
2025/12/12;1200 UTC;0;970,3;970,3;970;374,4;24,9;;24,9;23,7;;;;;;7;4;2,5;
2025/12/12;1300 UTC;0;969,9;970,3;969,9;394,3;27,9;;28,1;24,9;;;;;;352;5,8;3,2;
2025/12/12;1400 UTC;0;969,3;969,9;969,3;403;29,8;;30,1;27,9;;;;;;346;5,8;3,2;
2025/12/12;1500 UTC;0;969;969,3;969;388,4;30;;30,5;29,2;;;;;;337;6,3;3,4;
2025/12/12;1600 UTC;0;967,9;969;967,9;378;26,7;;31,7;26,7;;;;;;30;11,5;5,8;
2025/12/12;1700 UTC;6,6;967,2;967,9;967,2;369,7;25,4;;27,6;25,4;;;;;;108;11,5;3,7;
2025/12/12;1800 UTC;2,6;966,2;967,4;966,2;393,2;24,9;;25,8;23,8;;;;;;340;7,9;4,1;
2025/12/12;1900 UTC;,2;966,5;966,6;966,1;379,5;25,8;;25,8;24,6;;;;;;21;7,8;2;
2025/12/12;2000 UTC;0;966;966,6;966;370,1;23,7;;25,9;23,6;;;;;;297;8,8;1,3;
2025/12/12;2100 UTC;,2;966,5;966,6;966;382,7;23,8;;23,9;23,6;;;;;;238;3,4;,8;
2025/12/12;2200 UTC;,2;966,5;966,6;966,4;376,9;24;;24,1;23,7;;;;;;337;1,7;1;
2025/12/12;2300 UTC;0;967,2;967,2;966,4;360;23,6;;24,1;23,5;;;;;;275;3,5;1,8;
2025/12/13;0000 UTC;0;968;968;967,2;361,7;23,6;;24;23,6;;;;;;245;2,9;1,3;
2025/12/13;0100 UTC;0;969,3;969,3;968;358,5;23,4;;23,9;23,4;;;;;;22;3;1,4;
2025/12/13;0200 UTC;0;969,6;969,7;969,3;355,6;23,4;;23,6;23,4;;;;;;57;2,4;,8;
2025/12/13;0300 UTC;0;969,5;969,8;969,5;355,2;22,9;;23,5;22,8;;;;;;260;1,8;1,1;
2025/12/13;0400 UTC;0;969,1;969,6;969,1;361,2;22,8;;23,1;22,8;;;;;;20;1,6;,5;
2025/12/13;0500 UTC;0;967,9;969,1;967,9;356,3;22,9;;23;22,8;;;;;;40;1,5;,9;
2025/12/13;0600 UTC;0;967,6;967,9;967,6;346,7;22,9;;23;22,9;;;;;;1;1,6;,9;
2025/12/13;0700 UTC;0;967,4;967,6;967,4;340,2;23;;23;22,8;;;;;;35;1,8;1,2;
2025/12/13;0800 UTC;0;967,6;967,6;967,4;334,3;23,1;;23,1;23;;;;;;22;2;,8;
2025/12/13;0900 UTC;0;968,4;968,4;967,6;332,7;23;;23,1;22,9;;;;;;352;1,5;,8;
2025/12/13;1000 UTC;0;968,7;968,7;968,4;331,3;23,2;;23,2;22,9;;;;;;347;2;1,1;
2025/12/13;1100 UTC;0;969,4;969,4;968,6;335,7;23,9;;23,9;23,2;;;;;;355;3;1,8;
2025/12/13;1200 UTC;0;970,3;970,3;969,4;368,7;25,6;;25,6;23,9;;;;;;17;3,7;1,1;
2025/12/13;1300 UTC;0;970,8;970,8;970,3;402;27,1;;27,5;25,6;;;;;;325;3,1;1,4;
2025/12/13;1400 UTC;0;971;971,2;970,8;384,8;27,7;;27,7;27,1;;;;;;4;2,7;1,5;
2025/12/13;1500 UTC;0;971,1;971,1;971;384,1;28,4;;28,5;27,7;;;;;;9;4;2,4;
2025/12/13;1600 UTC;0;969,8;971,1;969,8;369,2;30,1;;30,2;28,3;;;;;;269;3,9;1,3;
2025/12/13;1700 UTC;0;968,1;969,8;968;386,1;29,7;;30,6;29,2;;;;;;256;7,5;2,3;
2025/12/13;1800 UTC;2,2;966,7;968,1;966,7;378,5;24,7;;29,7;24,4;;;;;;65;9,2;2,6;
2025/12/13;1900 UTC;,2;966,3;966,7;966,1;388,9;26,2;;26,2;24,6;;;;;;136;5,5;2,3;
2025/12/13;2000 UTC;0;966,8;966,8;966,2;367,9;26,7;;27,7;26,2;;;;;;6;5,3;3,4;
2025/12/13;2100 UTC;3,8;967;967,5;966,6;368,3;23,1;;26,7;23,1;;;;;;303;13,4;5,8;
2025/12/13;2200 UTC;4;967,6;967,6;966,8;394,1;23,1;;23,1;22,9;;;;;;344;9,4;3,3;
2025/12/13;2300 UTC;1,6;968,6;968,6;967,6;379,6;23,2;;23,3;23,1;;;;;;1;4,9;1,9;
2025/12/14;0000 UTC;0;969,5;969,5;968,6;360,1;23,4;;23,4;23,2;;;;;;333;3,6;1,9;
2025/12/14;0100 UTC;0;970,4;970,4;969,6;349,6;23;;23,5;23;;;;;;281;3,8;1,7;
2025/12/14;0200 UTC;0;970,8;970,9;970,3;353,5;23;;23,1;22,9;;;;;;43;2,5;1,5;
2025/12/14;0300 UTC;0;970,2;970,8;970,2;353,2;23;;23,1;23;;;;;;318;2,9;,4;
2025/12/14;0400 UTC;,2;969,9;970,2;969,8;350,4;23;;23;22,9;;;;;;40;1,7;,8;
2025/12/14;0500 UTC;0;969;969,9;969;346,6;22,8;;23;22,8;;;;;;262;1,3;,7;
2025/12/14;0600 UTC;0;968,6;969;968,5;348,2;22,6;;22,8;22,6;;;;;;202;1,6;,9;
2025/12/14;0700 UTC;0;968,5;968,6;968,4;349;22,7;;22,7;22,6;;;;;;34;1,6;,7;
2025/12/14;0800 UTC;0;968,7;968,7;968,5;345;22,8;;22,8;22,7;;;;;;40;1,7;1,1;
2025/12/14;0900 UTC;0;969,2;969,2;968,7;336,5;22,8;;22,8;22,7;;;;;;43;2,4;1,6;
2025/12/14;1000 UTC;0;970,4;970,4;969,2;336,2;22,6;;22,8;22,6;;;;;;50;3,9;1,6;
2025/12/14;1100 UTC;0;971,4;971,4;970,4;330,6;23,2;;23,2;22,6;;;;;;46;3,6;1,1;
2025/12/14;1200 UTC;0;972;972;971,4;350,4;24,3;;24,3;23,2;;;;;;47;2,7;1,5;
2025/12/14;1300 UTC;0;972;972,1;972;386,1;25,8;;25,8;24,3;;;;;;359;3,3;1,4;
2025/12/14;1400 UTC;0;971,8;972;971,8;394,8;26,5;;26,7;25,8;;;;;;352;3,3;2,3;
2025/12/14;1500 UTC;0;971,1;971,8;971,1;391,6;28,4;;28,4;26,5;;;;;;319;5,5;1,4;
2025/12/14;1600 UTC;0;970,4;971,1;970,4;398,1;28,8;;28,9;28,1;;;;;;333;4,4;2,6;
2025/12/14;1700 UTC;,2;969,3;970,4;969,3;394,9;29,6;;29,8;28,8;;;;;;335;5,8;2,1;
2025/12/14;1800 UTC;0;967,6;969,3;967,6;374;29,8;;30,1;29,5;;;;;;317;4;1,6;
2025/12/14;1900 UTC;0;966,2;967,6;966,2;424,7;30,8;;30,9;29,8;;;;;;319;3,9;1,9;
2025/12/14;2000 UTC;0;966,1;966,2;966,1;430;30,9;;31,1;30,6;;;;;;325;3,6;1,9;
2025/12/14;2100 UTC;0;966;966,1;965,9;407;29,9;;31,3;29,9;;;;;;230;4,1;1,9;
2025/12/14;2200 UTC;0;966,5;966,5;966;374,4;28,8;;29,9;28,8;;;;;;120;4;,2;
2025/12/14;2300 UTC;0;967,4;967,4;966,5;381,2;28,4;;28,8;28,3;;;;;;34;1,8;1,4;
2025/12/15;0000 UTC;0;968,5;968,5;967,4;386,6;26,1;;28,4;25,8;;;;;;310;5,6;3,1;
2025/12/15;0100 UTC;0;969,3;969,3;968,5;392,3;25,6;;26,1;25,1;;;;;;295;4,5;1;
2025/12/15;0200 UTC;0;969,7;969,7;969,3;388,4;26;;26,1;25,5;;;;;;224;1,9;,9;
2025/12/15;0300 UTC;0;969,6;969,7;969,4;357,9;25,3;;26;25,3;;;;;;319;1,9;,8;
2025/12/15;0400 UTC;0;969;969,7;969;361,1;24,9;;25,3;24,8;;;;;;282;2,6;1,6;
2025/12/15;0500 UTC;0;969;969,1;969;369,9;23,9;;25,1;23,9;;;;;;291;8,1;5,1;
2025/12/15;0600 UTC;0;969,3;969,3;968,9;377,9;23,3;;24,1;23,3;;;;;;309;9,6;4,9;
2025/12/15;0700 UTC;13,4;969,4;969,6;969,2;382;22;;23,3;22;;;;;;311;10,4;5,4;
2025/12/15;0800 UTC;1,2;969;969,4;968,9;388,2;22,3;;22,3;22;;;;;;275;8;3,2;
2025/12/15;0900 UTC;,2;969,3;969,3;969;369,3;22,3;;22,3;22,2;;;;;;298;5,4;1,8;
2025/12/15;1000 UTC;0;970,4;970,4;969,3;361,2;22,4;;22,4;22,2;;;;;;340;3,5;1,4;
2025/12/15;1100 UTC;0;971;971;970,4;350,4;22,7;;22,7;22,4;;;;;;354;3,7;2,2;
2025/12/15;1200 UTC;0;971,8;971,8;971;361;23,8;;23,8;22,6;;;;;;276;3,3;1,9;
2025/12/15;1300 UTC;0;971,9;971,9;971,8;398,8;25,6;;25,7;23,8;;;;;;314;4,3;2,7;
2025/12/15;1400 UTC;0;971,5;971,9;971,5;403,9;27,3;;27,3;25,5;;;;;;304;4,9;3;
2025/12/15;1500 UTC;0;970,8;971,5;970,8;401,6;28,1;;28,5;27,3;;;;;;323;5,6;3,1;
2025/12/15;1600 UTC;0;969,9;970,8;969,9;394,2;29,5;;29,5;28,1;;;;;;321;5,6;2,8;
2025/12/15;1700 UTC;0;968,9;969,9;968,9;394,7;29,8;;30,3;28,9;;;;;;302;5,1;2,6;
2025/12/15;1800 UTC;0;967,7;968,9;967,7;377,5;31,2;;31,4;29,7;;;;;;289;5,8;2,3;
2025/12/15;1900 UTC;0;966;967,7;966;385,5;31,6;;31,6;30,5;;;;;;285;4,7;2,2;
2025/12/15;2000 UTC;0;965,8;966;965,6;340;30,2;;31,7;29,9;;;;;;295;4,5;1,7;
2025/12/15;2100 UTC;0;965,5;965,9;965,5;302,5;30,7;;31,4;30;;;;;;303;3,7;2,5;
2025/12/15;2200 UTC;0;966,9;966,9;965,5;282,7;29,6;;30,8;29,6;;;;;;347;3,5;1,1;
2025/12/15;2300 UTC;0;968,3;968,3;966,9;310,9;26,4;;29,6;26,4;;;;;;40;7,5;3;
2025/12/16;0000 UTC;0;969,5;969,5;968,3;331,2;25,2;;26,4;25,2;;;;;;2;6,4;3,6;
2025/12/16;0100 UTC;0;970,5;970,5;969,5;326,8;24,7;;25,2;24,7;;;;;;142;6,6;1,1;
2025/12/16;0200 UTC;0;970,9;971,1;970,5;321,2;24,9;;24,9;24,6;;;;;;80;2,8;,9;
2025/12/16;0300 UTC;0;971,1;971,2;970,8;309,1;24,1;;25;24,1;;;;;;143;3,3;2;
2025/12/16;0400 UTC;0;970,3;971,1;970,3;321,1;23,7;;24,1;23,7;;;;;;253;3;1;
2025/12/16;0500 UTC;0;969,4;970,2;969,4;329;23,8;;24,1;23,7;;;;;;243;3,2;1,7;
2025/12/16;0600 UTC;0;969,1;969,4;969,1;355,1;23,4;;23,8;23,4;;;;;;187;2,8;1,5;
2025/12/16;0700 UTC;0;968,6;969,1;968,6;361,6;23,3;;23,5;23,2;;;;;;30;2,3;,6;
2025/12/16;0800 UTC;0;968,8;968,8;968,6;359,6;23;;23,4;23;;;;;;316;1,9;,6;
2025/12/16;0900 UTC;0;969,3;969,3;968,8;354,4;23;;23,1;22,9;;;;;;307;1,5;,5;
2025/12/16;1000 UTC;0;970;970;969,3;343,8;23,3;;23,4;23;;;;;;38;2,4;1;
2025/12/16;1100 UTC;0;971;971;970;340,6;24,2;;24,2;23,3;;;;;;312;3,1;2,2;
2025/12/16;1200 UTC;0;971,7;971,7;971;361,4;24,9;;25;24,2;;;;;;264;3,7;2,2;
2025/12/16;1300 UTC;0;972,2;972,3;971,7;371,3;25,4;;25,5;24,9;;;;;;201;4,5;2,4;
2025/12/16;1400 UTC;0;971,7;972,2;971,7;395,3;26,7;;27,2;25,4;;;;;;205;4,5;2,4;
2025/12/16;1500 UTC;0;971;971,7;971;398,5;29,2;;29,2;26,7;;;;;;261;4,5;1,5;
2025/12/16;1600 UTC;3,6;970,2;971;970,2;391;26,7;;29,5;26,3;;;;;;213;5,6;1,8;
2025/12/16;1700 UTC;0;968,8;970,2;968,8;373,2;27,8;;28;26,7;;;;;;288;3,9;2,4;
2025/12/16;1800 UTC;0;967,8;968,8;967,8;358,9;25,5;;27,8;25,3;;;;;;3;4,9;2,7;
2025/12/16;1900 UTC;,2;966,8;967,8;966,8;366,5;26;;26;25,2;;;;;;10;4,6;2,7;
2025/12/16;2000 UTC;0;966,4;966,8;966,3;346,7;26,4;;26,6;26;;;;;;26;3,8;2,2;
2025/12/16;2100 UTC;0;967,2;967,2;966,3;341;26,4;;26,6;26,4;;;;;;16;4,5;2,9;
2025/12/16;2200 UTC;0;967,8;967,8;967,2;353,9;26;;26,3;26;;;;;;19;4,7;2;
2025/12/16;2300 UTC;0;968,1;968,1;967,8;363,4;25,7;;26;25,7;;;;;;25;3;1,8;
2025/12/17;0000 UTC;0;969,2;969,2;968,1;361,2;25,6;;25,8;25,6;;;;;;17;3,1;1,8;
2025/12/17;0100 UTC;0;970,4;970,4;969,2;358,3;25,2;;25,6;25,1;;;;;;21;3,1;1,7;
2025/12/17;0200 UTC;0;970,7;970,8;970,4;353,1;25;;25,4;25;;;;;;137;3,3;2,6;
2025/12/17;0300 UTC;19,2;970,9;971,1;970,6;353,3;22,7;;25;22,7;;;;;;205;10;5,6;
2025/12/17;0400 UTC;31;969,7;970,9;969,7;383,6;22,3;;22,7;22,1;;;;;;168;9,3;6;
2025/12/17;0500 UTC;2,6;969,4;969,7;969,4;383,1;22,3;;22,4;22,2;;;;;;131;9,3;2,2;
2025/12/17;0600 UTC;3,2;969,1;969,3;969,1;367,8;22,5;;22,5;22,3;;;;;;120;4,4;2,7;
2025/12/17;0700 UTC;5,4;968,8;969,2;968,8;355,7;22,5;;22,5;22,5;;;;;;;;;
2025/12/17;0800 UTC;6,6;969,2;969,2;968,8;350,7;22,4;;22,5;22,4;;;;;;16;4;1,6;
2025/12/17;0900 UTC;3,4;969,2;969,3;969,2;353,2;22,3;;22,4;22,3;;;;;;25;4,7;2,5;
2025/12/17;1000 UTC;2,2;969;969,2;968,8;358,7;22,2;;22,3;22,2;;;;;;18;4,5;1,9;
2025/12/17;1100 UTC;,6;969,1;969,1;969;361,1;22;;22,2;22;;;;;;15;4,5;1,8;
2025/12/17;1200 UTC;,2;969,5;969,5;969,1;354,2;22,7;;22,8;22;;;;;;69;2,6;1,1;
2025/12/17;1300 UTC;0;969,8;969,8;969,5;354,8;23,2;;23,2;22,7;;;;;;6;5;1,4;
2025/12/17;1400 UTC;,2;969,8;969,9;969,8;388,3;24,5;;24,5;23,2;;;;;;;2,5;;
2025/12/17;1500 UTC;0;969,6;969,8;969,6;412,1;26,4;;26,4;24,5;;;;;;187;4,2;2,3;
2025/12/17;1600 UTC;0;969,1;969,6;969,1;405,9;27,6;;27,7;26;;;;;;180;4,2;1,9;
2025/12/17;1700 UTC;0;968,2;969,1;968,2;410,9;28,4;;28,7;27,2;;;;;;190;4,2;1,8;
2025/12/17;1800 UTC;0;966,8;968,2;966,8;387,3;29,1;;29,2;28,4;;;;;;241;4,4;2,4;
2025/12/17;1900 UTC;0;966,1;966,8;966,1;350,3;29,4;;29,4;28,7;;;;;;223;4,9;2;
2025/12/17;2000 UTC;0;965,3;966,1;965,3;329,3;28,7;;29,4;28,7;;;;;;205;4,2;1,9;
2025/12/17;2100 UTC;0;965,2;965,3;965;327,4;28,3;;28,7;28,2;;;;;;274;3,6;1,3;
2025/12/17;2200 UTC;0;966,2;966,2;965,2;333,6;27,2;;28,3;27,2;;;;;;293;1,9;,7;
2025/12/17;2300 UTC;0;966,9;966,9;966,2;338,7;26,5;;27,2;26,5;;;;;;333;3,5;1,1;
2025/12/18;0000 UTC;0;967,2;967,2;966,9;347,1;24,5;;26,5;24,5;;;;;;319;6;1,3;
2025/12/18;0100 UTC;0;968,4;968,4;967,2;341,9;24,2;;25;24,2;;;;;;1;2,7;1,8;
2025/12/18;0200 UTC;0;968,5;968,5;968,3;334,7;24,3;;24,4;24,1;;;;;;322;3;1,7;
2025/12/18;0300 UTC;0;968,3;968,6;968,2;324,6;24,1;;24,3;24,1;;;;;;265;2,4;,9;
2025/12/18;0400 UTC;0;967,6;968,3;967,6;319,7;24,1;;24,2;24;;;;;;166;2,6;1;
2025/12/18;0500 UTC;0;967,2;967,6;967,1;314,2;23,9;;24,2;23,9;;;;;;168;3,2;2,2;
2025/12/18;0600 UTC;0;967,2;967,2;967;319,8;23,7;;23,9;23,7;;;;;;140;3,1;1,5;
2025/12/18;0700 UTC;0;967;967,2;967;315,4;23,6;;23,7;23,6;;;;;;149;2,7;,5;
2025/12/18;0800 UTC;0;967;967,1;966,9;309,8;23,8;;23,8;23,6;;;;;;139;1,8;1,1;
2025/12/18;0900 UTC;0;967,5;967,5;967;297,1;23,9;;23,9;23,7;;;;;;80;1,8;,5;
2025/12/18;1000 UTC;0;968,1;968,1;967,4;291,5;24;;24;23,7;;;;;;46;1,2;,3;
2025/12/18;1100 UTC;0;969,4;969,4;968,1;288,2;23,9;;24,1;23,8;;;;;;8;2,9;1,5;
2025/12/18;1200 UTC;0;970;970;969,4;295,7;24,7;;24,8;23,8;;;;;;23;2,9;1,8;
2025/12/18;1300 UTC;0;970,6;970,6;970;310,7;25,8;;25,8;24,7;;;;;;33;4,5;2,8;
2025/12/18;1400 UTC;0;970,7;970,8;970,6;310,8;26,1;;26,2;25,8;;;;;;18;4,8;3,1;
2025/12/18;1500 UTC;0;970,2;970,7;970,2;299,4;26,3;;26,4;25,9;;;;;;24;6;3,7;
2025/12/18;1600 UTC;0;969,2;970,2;969,2;324,9;27,2;;27,7;26,2;;;;;;16;6;3,3;
2025/12/18;1700 UTC;0;968,4;969,2;968,4;330,2;26,3;;27,2;26,2;;;;;;30;5,7;3,6;
2025/12/18;1800 UTC;0;967,5;968,4;967,5;310,8;26,9;;26,9;26,1;;;;;;13;6,4;3,4;
2025/12/18;1900 UTC;0;967;967,5;966,9;312,6;27,5;;27,5;26,7;;;;;;3;5,7;2,8;
2025/12/18;2000 UTC;0;966,6;967;966,6;322,5;27,2;;27,8;27;;;;;;21;5,1;2,6;
2025/12/18;2100 UTC;0;966,3;966,6;966,3;320,2;26,9;;27,4;26,8;;;;;;21;4,5;2,4;
2025/12/18;2200 UTC;0;966,5;966,5;966,3;343,1;25,6;;26,9;25,6;;;;;;10;4,9;1,8;
2025/12/18;2300 UTC;0;967,8;967,8;966,5;366,7;25;;25,6;25;;;;;;7;3;1,4;
2025/12/19;0000 UTC;0;968,8;968,8;967,8;361,4;25;;25;24,8;;;;;;30;2,9;1,7;
2025/12/19;0100 UTC;0;969,6;969,6;968,8;348,4;24,8;;25;24,7;;;;;;98;2,9;1,5;
2025/12/19;0200 UTC;0;969,7;969,8;969,6;341,2;24,5;;24,9;24,5;;;;;;28;2,2;1,4;
2025/12/19;0300 UTC;0;969,5;969,7;969,5;338,4;24,3;;24,5;24,3;;;;;;30;2,6;1,3;
2025/12/19;0400 UTC;0;969,1;969,6;969,1;335,7;24,4;;24,4;24,3;;;;;;45;2,4;1,4;
2025/12/19;0500 UTC;0;968,6;969,1;968,6;328,2;24,2;;24,4;24,2;;;;;;58;2,4;,8;
2025/12/19;0600 UTC;0;968,2;968,6;968,2;330,1;23,7;;24,2;23,7;;;;;;9;2,2;1,4;
2025/12/19;0700 UTC;0;967,7;968,3;967,7;334;23,3;;23,7;23,3;;;;;;15;3,8;2,1;
2025/12/19;0800 UTC;0;967,8;967,9;967,7;344,4;23,4;;23,4;23,2;;;;;;22;3,4;1,8;
2025/12/19;0900 UTC;0;967,9;967,9;967,7;334,4;23,2;;23,4;23,2;;;;;;2;2,9;1,9;
2025/12/19;1000 UTC;0;968,9;968,9;967,9;335,1;23,3;;23,3;23,2;;;;;;17;3,3;1,2;
2025/12/19;1100 UTC;0;969,9;969,9;968,9;326,1;23,9;;23,9;23,3;;;;;;348;3;1,9;
2025/12/19;1200 UTC;,2;970,7;970,7;969,9;327,9;23,4;;24,5;23,4;;;;;;265;5,3;3,3;
2025/12/19;1300 UTC;,2;971,1;971,1;970,7;321,4;24,7;;24,8;23,4;;;;;;295;5,1;3,3;
2025/12/19;1400 UTC;0;971;971,2;971;329;25,3;;25,7;24,6;;;;;;316;8;4,8;
2025/12/19;1500 UTC;0;970,8;971;970,7;327,9;24,1;;25,7;23,9;;;;;;327;7,3;3,5;
2025/12/19;1600 UTC;,2;969,7;970,7;969,7;331,5;24,2;;24,3;23,8;;;;;;318;6,3;4,2;
2025/12/19;1700 UTC;0;968,3;969,7;968,3;320,4;25,7;;25,9;24,1;;;;;;290;7,5;5,2;
2025/12/19;1800 UTC;0;967,4;968,3;967,4;323,9;26,3;;26,9;25,7;;;;;;282;7,5;4,6;
2025/12/19;1900 UTC;0;967,2;967,4;967,2;322,9;26,2;;26,6;25,6;;;;;;277;8,1;4,1;
2025/12/19;2000 UTC;0;966,6;967,2;966,6;314,6;26,2;;26,5;25,9;;;;;;295;7,1;3,1;
2025/12/19;2100 UTC;0;966,8;966,8;966,6;317,1;25,6;;26,2;25,6;;;;;;317;4,4;2,2;
2025/12/19;2200 UTC;,2;967,5;967,5;966,8;337,5;23,2;;25,6;23,2;;;;;;304;10;5,8;
2025/12/19;2300 UTC;0;967,8;967,8;967,5;357,4;22,7;;23,2;22,7;;;;;;299;8,1;2,1;
2025/12/20;0000 UTC;0;968,9;968,9;967,8;358,1;22,7;;22,8;22,6;;;;;;18;2,9;1,8;
2025/12/20;0100 UTC;0;969,8;969,8;968,9;348,3;22,9;;22,9;22,7;;;;;;350;4,2;2,7;
2025/12/20;0200 UTC;0;970,2;970,2;969,8;330,8;22,6;;22,9;22,6;;;;;;351;4,2;2,2;
2025/12/20;0300 UTC;0;969,8;970,2;969,8;333,7;22,5;;22,6;22,5;;;;;;360;4,1;2,5;
2025/12/20;0400 UTC;0;969,6;969,9;969,6;336,7;22,3;;22,5;22,3;;;;;;351;4,9;2,3;
2025/12/20;0500 UTC;0;969,1;969,6;969,1;341,2;22,2;;22,3;22,2;;;;;;7;3,5;2;
2025/12/20;0600 UTC;0;969,3;969,3;968,9;336,2;22,2;;22,2;22,2;;;;;;1;4,2;2,5;
2025/12/20;0700 UTC;,2;969,2;969,4;969,2;333,7;22,3;;22,3;22,2;;;;;;338;4,9;2,3;
2025/12/20;0800 UTC;0;969,1;969,2;969;321,4;22,3;;22,3;22,3;;;;;;350;4,6;1,8;
2025/12/20;0900 UTC;0;969,5;969,5;969,1;320;22,4;;22,4;22,3;;;;;;4;2,9;1,1;
2025/12/20;1000 UTC;0;970,2;970,2;969,5;314,2;22,5;;22,6;22,3;;;;;;1;2,3;1,5;
2025/12/20;1100 UTC;0;970,8;970,8;970,2;309,2;23,1;;23,1;22,5;;;;;;5;2,6;1,3;
2025/12/20;1200 UTC;0;971,3;971,3;970,8;319,8;23,5;;23,6;23,1;;;;;;337;3,2;1,9;
2025/12/20;1300 UTC;0;971,5;971,5;971,3;318,6;24,7;;24,7;23,4;;;;;;310;5,4;3,6;
2025/12/20;1400 UTC;0;971,1;971,5;971,1;338,7;26,4;;26,4;24,7;;;;;;293;6,6;4,5;
2025/12/20;1500 UTC;0;970,5;971,1;970,5;332,5;28;;28;26,3;;;;;;288;7,5;4,6;
2025/12/20;1600 UTC;0;969,7;970,5;969,7;322,2;29;;29;27,7;;;;;;282;7,8;3,8;
2025/12/20;1700 UTC;0;968,5;969,7;968,5;408;29,5;;29,7;28,8;;;;;;296;7,5;3,8;
2025/12/20;1800 UTC;0;967,4;968,5;967,4;483,5;28,8;;30,4;27,9;;;;;;329;7,5;3,5;
2025/12/20;1900 UTC;0;966,9;967,4;966,7;460,2;27,9;;30,1;27,9;;;;;;291;7,9;4,2;
2025/12/20;2000 UTC;3,2;966,3;967;966,3;373,4;26;;27,8;24,5;;;;;;348;8,3;2,3;
2025/12/20;2100 UTC;0;966,5;966,6;966,2;350,1;26,9;;26,9;26;;;;;;352;3,7;2,1;
2025/12/20;2200 UTC;0;967,2;967,2;966,4;326,3;25,5;;26,9;25,5;;;;;;12;3,6;2,1;
2025/12/20;2300 UTC;0;968;968;967,2;347;25;;25,5;25;;;;;;39;3,9;1,9;
2025/12/21;0000 UTC;0;968,9;968,9;968;341,9;24,8;;25,1;24,8;;;;;;28;4;2,1;
2025/12/21;0100 UTC;0;969,7;969,7;968,9;320,9;24,2;;24,8;24,2;;;;;;10;4;1,9;
2025/12/21;0200 UTC;0;970;970;969,7;313,1;24,3;;24,3;24,1;;;;;;29;3,8;2,2;
2025/12/21;0300 UTC;0;970,2;970,2;970;308,9;24,2;;24,3;24,2;;;;;;19;3,8;1,9;
2025/12/21;0400 UTC;0;969,9;970,2;969,9;308,9;23,9;;24,2;23,9;;;;;;17;3,1;1,3;
2025/12/21;0500 UTC;0;969,1;969,9;969,1;303,3;23,6;;23,9;23,6;;;;;;17;3,2;2;
2025/12/21;0600 UTC;0;968,5;969,1;968,5;307,1;23,4;;23,6;23,4;;;;;;19;3,8;2,5;
2025/12/21;0700 UTC;0;968,1;968,5;968,1;316,9;23,5;;23,5;23,3;;;;;;26;4,2;2,7;
2025/12/21;0800 UTC;0;968,2;968,2;968;310,7;23,4;;23,5;23,4;;;;;;3;5,5;2,6;
2025/12/21;0900 UTC;0;968,6;968,6;968,2;309,8;23;;23,4;23;;;;;;3;4,8;2,1;
2025/12/21;1000 UTC;0;969,4;969,4;968,6;318,5;23,1;;23,1;23;;;;;;359;3,6;2,3;
2025/12/21;1100 UTC;0;970,2;970,2;969,4;306,3;24,3;;24,3;23,1;;;;;;2;4,7;2,9;
2025/12/21;1200 UTC;0;971;971;970,2;314,1;24,5;;24,6;24,3;;;;;;357;5,5;2,2;
2025/12/21;1300 UTC;0;971,3;971,3;971;359,5;26;;26,2;24,6;;;;;;2;5,4;3,3;
2025/12/21;1400 UTC;0;970,9;971,3;970,9;388,4;27,2;;27,4;26;;;;;;5;5,4;3,1;
2025/12/21;1500 UTC;1,2;970,5;970,9;970,5;381,5;25,4;;27,2;25,3;;;;;;360;5,7;3;
2025/12/21;1600 UTC;2,2;969,5;970,5;969,5;367,5;25,8;;25,8;24,7;;;;;;324;5,7;2,6;
2025/12/21;1700 UTC;,2;968,8;969,7;968,8;363,6;24,4;;26;24,4;;;;;;28;4,9;2,9;
2025/12/21;1800 UTC;,2;968;968,8;968;372,5;24,3;;24,4;24,1;;;;;;358;4,8;2,3;
2025/12/21;1900 UTC;0;967,1;968;967;353,8;25,7;;25,7;24,3;;;;;;3;4,2;2,5;
2025/12/21;2000 UTC;0;966,7;967,1;966,7;353,2;27;;27,1;25,7;;;;;;318;4;2,8;
2025/12/21;2100 UTC;0;967,5;967,5;966,7;376;25,4;;27,3;25,4;;;;;;299;10,1;6,5;
2025/12/21;2200 UTC;0;968,1;968,1;967,4;372,1;23,8;;25,4;23,8;;;;;;294;10,1;4,5;
2025/12/21;2300 UTC;0;968;968,1;967,9;377;23,2;;23,8;23,2;;;;;;288;7,3;4,2;
2025/12/22;0000 UTC;0;968,1;968,5;967,9;369,6;23;;23,2;23;;;;;;280;5,7;1,4;
2025/12/22;0100 UTC;0;969,1;969,2;968,1;364,1;22,9;;23;22,9;;;;;;321;2,3;1,1;
2025/12/22;0200 UTC;0;969,4;969,4;969,1;356,3;22,3;;22,9;22,3;;;;;;295;2,1;1,4;
2025/12/22;0300 UTC;0;969,8;969,8;969,4;344,6;23;;23;22,3;;;;;;294;5,6;3,3;
2025/12/22;0400 UTC;0;969,4;969,8;969,4;323;22,8;;23;22,8;;;;;;299;5,9;2,5;
2025/12/22;0500 UTC;0;968,7;969,4;968,7;316,8;22,6;;22,9;22,6;;;;;;323;3,9;1,7;
2025/12/22;0600 UTC;0;968,1;968,7;968;321,5;22,5;;22,6;22,5;;;;;;319;2,6;1,4;
2025/12/22;0700 UTC;0;967,8;968,1;967,8;324,9;22,6;;22,6;22,5;;;;;;315;2,1;1,4;
2025/12/22;0800 UTC;0;967,9;968;967,8;324,7;22,6;;22,7;22,6;;;;;;355;3,3;1,8;
2025/12/22;0900 UTC;0;968,3;968,3;967,9;325,6;22,4;;22,6;22,4;;;;;;10;3,3;1,5;
2025/12/22;1000 UTC;0;969,3;969,3;968,3;334;22,5;;22,5;22,4;;;;;;34;3;1,6;
2025/12/22;1100 UTC;0;970,3;970,3;969,3;325,8;22,8;;22,8;22,5;;;;;;22;3,7;2;
2025/12/22;1200 UTC;,2;970,8;970,8;970,3;309,7;22,9;;23;22,7;;;;;;27;3,4;1,8;
2025/12/22;1300 UTC;,8;971,5;971,5;970,8;317,8;23;;23;22,9;;;;;;35;3,6;2,2;
2025/12/22;1400 UTC;,2;971,7;971,8;971,5;336;22,8;;23;22,7;;;;;;33;4;2,2;
2025/12/22;1500 UTC;,2;971,4;971,7;971,4;343,2;22,9;;23;22,7;;;;;;21;4;2,1;
2025/12/22;1600 UTC;,8;971,2;971,4;971,2;348,8;23;;23;22,6;;;;;;3;3,7;1,6;
2025/12/22;1700 UTC;4,2;970,3;971,2;970,3;355,2;23,2;;23,2;22,9;;;;;;15;4;2,4;
2025/12/22;1800 UTC;,2;968,9;970,3;968,9;370,6;24,1;;24,1;23,1;;;;;;44;4;1,6;
2025/12/22;1900 UTC;0;967,8;968,9;967,8;403;24,8;;25;24;;;;;;336;4,3;2,7;
2025/12/22;2000 UTC;;;;;;;;;;;;;;;;;;
2025/12/22;2100 UTC;0;967,6;967,6;967,3;377,5;24,9;;25;24,8;;;;;;359;3,7;1,5;
2025/12/22;2200 UTC;0;967,8;967,8;967,6;366,1;24,2;;24,9;24,2;;;;;;340;3,4;1,8;
2025/12/22;2300 UTC;0;968,4;968,4;967,8;377,6;23,6;;24,2;23,6;;;;;;11;3,4;,7;
2025/12/23;0000 UTC;0;968,6;968,6;968,3;378,6;23,3;;23,6;23,3;;;;;;12;1,7;1,1;
2025/12/23;0100 UTC;0;969,3;969,3;968,6;376,8;23,1;;23,3;23;;;;;;48;2,1;1,4;
2025/12/23;0200 UTC;0;969,6;969,6;969,2;367,8;22,9;;23,1;22,9;;;;;;26;2,6;1,7;
2025/12/23;0300 UTC;0;970;970;969,6;367,4;22,9;;22,9;22,8;;;;;;37;3,3;1,7;
2025/12/23;0400 UTC;0;970;970,1;970;362,4;22,8;;22,9;22,8;;;;;;21;2,8;,8;
2025/12/23;0500 UTC;0;969,5;970;969,5;353,9;22,7;;22,8;22,6;;;;;;8;1,8;,9;
2025/12/23;0600 UTC;0;969,3;969,5;969,3;360,7;22,7;;22,8;22,7;;;;;;96;1,7;,8;
2025/12/23;0700 UTC;0;969,2;969,3;969;361,9;22,4;;22,8;22,4;;;;;;237;1,5;,6;
2025/12/23;0800 UTC;0;969,3;969,3;969,2;364,2;22,5;;22,5;22,4;;;;;;349;1,2;,7;
2025/12/23;0900 UTC;;;;;;;;;;;;;;;;;;
2025/12/23;1000 UTC;0;970,2;970,2;969,4;366,4;22,4;;22,4;22,3;;;;;;26;2,5;,7;
2025/12/23;1100 UTC;0;970,6;970,6;970,2;359,7;23,2;;23,2;22,4;;;;;;31;2,8;1,8;
2025/12/23;1200 UTC;0;971,5;971,5;970,6;368,9;23,8;;23,8;23,2;;;;;;43;3;1,3;
2025/12/23;1300 UTC;0;971,5;971,7;971,5;372,3;25;;25,1;23,8;;;;;;34;4,2;2,5;
2025/12/23;1400 UTC;0;971,3;971,6;971,3;384,1;26,1;;26,1;25;;;;;;24;4,5;2,9;
2025/12/23;1500 UTC;0;970,5;971,3;970,5;400,9;27,2;;27,4;25,9;;;;;;7;5,9;2,6;
2025/12/23;1600 UTC;0;969,5;970,5;969,5;498,9;28,6;;29;26,9;;;;;;6;5;2,4;
2025/12/23;1700 UTC;0;968,6;969,5;968,6;535,1;27,3;;29,3;25,9;;;;;;51;7,1;2,9;
2025/12/23;1800 UTC;0;967,9;968,6;967,9;482,2;26,7;;28,6;26,7;;;;;;318;6,1;4,1;
2025/12/23;1900 UTC;28,6;968;968,1;967,8;415,4;23,3;;26,7;23,3;;;;;;242;11,7;1,7;
2025/12/23;2000 UTC;11,4;967,9;968,1;967,6;398,8;22,6;;23,4;22,5;;;;;;325;6,8;3,6;
2025/12/23;2100 UTC;18;968,3;968,3;967,9;393,6;22,8;;22,8;22,6;;;;;;297;5,8;2,1;
2025/12/23;2200 UTC;4,2;968,4;968,4;968,2;384,9;22,7;;22,8;22,5;;;;;;209;2,9;1,1;
2025/12/23;2300 UTC;3,4;968,9;968,9;968,4;368;22,5;;22,7;22,4;;;;;;203;3,3;2,1;
2025/12/24;0000 UTC;1;970;970;968,9;369,4;22,5;;22,6;22,4;;;;;;194;3,3;,7;
2025/12/24;0100 UTC;,4;970,8;970,8;970;372,5;22,2;;22,7;22,2;;;;;;;5,7;;
2025/12/24;0200 UTC;,4;971,2;971,2;970,8;374,2;22,2;;22,2;22;;;;;;;;;
2025/12/24;0300 UTC;2,4;971;971,3;970,9;369,1;22,2;;22,3;22,2;;;;;;;;;
2025/12/24;0400 UTC;1;970,5;971;970,5;350,5;22,2;;22,2;22,2;;;;;;;;;
2025/12/24;0500 UTC;,2;970,1;970,5;970,1;336;22,3;;22,3;22,2;;;;;;;;;
2025/12/24;0600 UTC;1;969,4;970,1;969,4;339,8;22,1;;22,3;22,1;;;;;;;;;
2025/12/24;0700 UTC;2;968,8;969,4;968,8;347,3;22,1;;22,2;22,1;;;;;;;;;
2025/12/24;0800 UTC;1;969;969;968,7;352,3;22,2;;22,2;22;;;;;;;;;
2025/12/24;0900 UTC;,2;969,3;969,4;969;355,5;22;;22,2;22;;;;;;;;;
2025/12/24;1000 UTC;0;969,9;969,9;969,3;361,3;22,2;;22,2;21,9;;;;;;55;;,6;
2025/12/24;1100 UTC;0;970,7;970,7;969,9;356,3;22,8;;22,8;22,2;;;;;;12;1,9;1;
2025/12/24;1200 UTC;0;971,2;971,2;970,7;381,6;24,2;;24,2;22,8;;;;;;52;3,2;1,9;
2025/12/24;1300 UTC;0;971,5;971,5;971,2;392,9;25,1;;25,1;24,2;;;;;;;;;
2025/12/24;1400 UTC;0;971,3;971,5;971,2;409,5;26,6;;26,9;25;;;;;;358;5,7;3,1;
2025/12/24;1500 UTC;0;970,8;971,3;970,8;412,9;27,6;;27,9;26,1;;;;;;16;6,7;3,3;
2025/12/24;1600 UTC;0;970,2;970,8;970,2;497,6;29;;29,1;27,6;;;;;;12;6,6;3,7;
2025/12/24;1700 UTC;0;969,3;970,2;969,2;579,6;29,8;;30;28,8;;;;;;8;6,7;3,6;
2025/12/24;1800 UTC;0;968,1;969,3;968,1;526,9;30,6;;30,6;27,5;;;;;;31;7,7;4;
2025/12/24;1900 UTC;0;967,4;968,1;967,4;545,6;30,2;;30,8;30;;;;;;53;7,4;3,5;
2025/12/24;2000 UTC;0;967,1;967,5;967,1;496,7;30,2;;30,8;29,5;;;;;;43;6,8;3,3;
2025/12/24;2100 UTC;0;967,1;967,1;967;477,2;29,9;;30,4;29,9;;;;;;1;5,9;3,1;
2025/12/24;2200 UTC;0;967,9;967,9;967,2;463,2;26,7;;29,9;26,7;;;;;;327;9,1;3;
2025/12/24;2300 UTC;0;968,8;968,8;967,9;413,8;24;;26,8;24;;;;;;300;9,5;6,2;
2025/12/25;0000 UTC;0;969,5;969,5;968,8;410,3;22,6;;24;22,6;;;;;;302;8,5;3,4;
2025/12/25;0100 UTC;0;970,5;970,5;969,4;391,7;22,4;;22,6;22,2;;;;;;10;4,3;,7;
2025/12/25;0200 UTC;0;971,1;971,2;970,5;378,8;21,8;;22,5;21,7;;;;;;348;2,9;1,4;
2025/12/25;0300 UTC;0;971,2;971,2;970,9;371,2;21,9;;21,9;21,6;;;;;;35;2,8;1;
2025/12/25;0400 UTC;0;970,7;971,3;970,7;365,8;21,8;;22,2;21,8;;;;;;204;2,2;1,2;
2025/12/25;0500 UTC;0;969,9;970,7;969,9;353,3;21,8;;21,9;21,6;;;;;;218;2,2;,7;
2025/12/25;0600 UTC;0;969,6;970;969,5;365,2;21,3;;21,8;21,1;;;;;;344;1,4;1;
2025/12/25;0700 UTC;0;969,5;969,7;969,5;379,8;21,3;;21,4;21,1;;;;;;12;1,9;,6;
2025/12/25;0800 UTC;0;970,2;970,2;969,3;363,3;21,5;;21,5;21,3;;;;;;39;2,6;1,4;
2025/12/25;0900 UTC;0;970,5;970,5;969,9;343,5;21,7;;21,7;21,5;;;;;;44;2,5;1,1;
2025/12/25;1000 UTC;0;971;971;970,4;342,1;21,8;;21,9;21,6;;;;;;341;1,8;,8;
2025/12/25;1100 UTC;0;971,5;971,6;971,1;349,6;22,9;;22,9;21,8;;;;;;99;1,8;1,1;
2025/12/25;1200 UTC;0;971,9;971,9;971,5;379,3;24,3;;24,7;23;;;;;;75;2,3;1;
2025/12/25;1300 UTC;0;972;972;971,9;405,5;26,1;;26,2;24,3;;;;;;63;3,7;2,1;
2025/12/25;1400 UTC;0;972,1;972,2;972;409,6;26,6;;26,9;25,9;;;;;;41;4,8;3,2;
2025/12/25;1500 UTC;0;971,7;972,1;971,6;418,8;28,6;;28,8;26,4;;;;;;44;5,2;2,3;
2025/12/25;1600 UTC;0;971,1;971,7;971,1;484,9;29;;29;27,5;;;;;;52;5,9;2,9;
2025/12/25;1700 UTC;0;969,5;971,1;969,5;481,2;28,3;;29,4;27,9;;;;;;61;6,4;2,9;
2025/12/25;1800 UTC;0;968,5;969,5;968,5;487,5;29,8;;30;28,3;;;;;;88;5,7;1,9;
2025/12/25;1900 UTC;0;967,7;968,5;967,7;470,3;29,9;;30,3;29,1;;;;;;57;6,1;3;
2025/12/25;2000 UTC;0;967,3;967,7;967,3;429,9;29,9;;30,4;29,6;;;;;;78;7;4,2;
2025/12/25;2100 UTC;0;967,8;967,9;967,2;399,8;27,8;;30,3;27,8;;;;;;12;7,4;2,7;
2025/12/25;2200 UTC;0;968,2;968,2;967,8;406,2;26,3;;27,8;26,3;;;;;;341;4,6;1,6;
2025/12/25;2300 UTC;0;969,2;969,2;968,2;398,3;25,9;;26,3;25,5;;;;;;51;4,9;2,6;
2025/12/26;0000 UTC;0;970,3;970,3;969,2;391,3;25,4;;25,9;25,2;;;;;;41;5,1;2,2;
2025/12/26;0100 UTC;0;970,2;970,7;970,2;384,3;24,6;;25,4;24,6;;;;;;84;3,9;2,5;
2025/12/26;0200 UTC;0;971,3;971,3;970,2;387,2;23,6;;24,6;23,6;;;;;;26;4,8;1,5;
2025/12/26;0300 UTC;0;971,6;971,6;971,3;384;23;;23,6;23;;;;;;12;3,5;1,5;
2025/12/26;0400 UTC;0;971,5;971,6;971,4;382;22,7;;23;22,7;;;;;;18;3,2;1,6;
2025/12/26;0500 UTC;0;970,8;971,5;970,7;370,1;22,6;;22,7;22,6;;;;;;34;3;1,8;
2025/12/26;0600 UTC;0;970,4;970,8;970,3;365;22,4;;22,7;22,4;;;;;;39;3,1;1;
2025/12/26;0700 UTC;0;970,2;970,5;970,2;368;22,2;;22,4;22,2;;;;;;98;2;1,2;
2025/12/26;0800 UTC;0;970,3;970,4;970,1;364,6;22,1;;22,3;22,1;;;;;;121;2;1,1;
2025/12/26;0900 UTC;0;971,2;971,2;970,3;370,6;21,7;;22,1;21,5;;;;;;79;1,7;,9;
2025/12/26;1000 UTC;0;971,7;971,7;971,2;367,5;21,7;;21,8;21,4;;;;;;144;2,2;1,6;
2025/12/26;1100 UTC;0;972,2;972,2;971,7;353,9;23;;23,1;21,7;;;;;;7;2,2;1,1;
2025/12/26;1200 UTC;0;973,1;973,1;972,2;372,8;23,8;;23,8;23;;;;;;341;5;2,5;
2025/12/26;1300 UTC;0;973,6;973,6;973,1;396,2;25,5;;25,7;23,7;;;;;;359;4,6;1,8;
2025/12/26;1400 UTC;0;973,6;973,6;973,5;404,9;26,1;;26,6;25,4;;;;;;12;4;2,2;
2025/12/26;1500 UTC;0;973,1;973,6;973,1;383,8;26,6;;26,6;25,5;;;;;;340;5;1,1;
2025/12/26;1600 UTC;0;971,8;973,1;971,8;394,7;28,5;;28,7;26,6;;;;;;52;5,1;1,7;
2025/12/26;1700 UTC;0;970,3;971,8;970,3;450,1;29,8;;30,3;28,5;;;;;;21;6,4;3,6;
2025/12/26;1800 UTC;0;969,4;970,3;969,4;427,4;28,6;;29,9;27,2;;;;;;1;8,3;4,5;
2025/12/26;1900 UTC;0;969,2;969,5;969,1;401;28,6;;28,8;27,2;;;;;;346;8,9;2,9;
2025/12/26;2000 UTC;0;968,5;969,3;968,5;388;28,2;;28,7;28;;;;;;357;5,5;2,5;
2025/12/26;2100 UTC;0;969,3;969,3;968,5;380;27,7;;28,3;27,6;;;;;;303;3,6;1,4;
2025/12/26;2200 UTC;10,2;971,1;971,1;969,3;378,7;21,7;;27,8;21,7;;;;;;35;12,3;6,1;
2025/12/26;2300 UTC;7,8;971,4;971,5;970,8;400,6;21,2;;21,7;21,2;;;;;;222;11,6;1,4;
2025/12/27;0000 UTC;,4;972,1;972,1;971,4;387,5;21,9;;22;21,2;;;;;;76;3;1,5;
2025/12/27;0100 UTC;,2;972;972,4;972;354,7;21,9;;22,2;21,9;;;;;;148;2,7;1,8;
2025/12/27;0200 UTC;,2;972,1;972,2;972;355,9;21,8;;21,9;21,7;;;;;;158;2,9;1,9;
2025/12/27;0300 UTC;0;971,9;972,1;971,9;353,3;21,8;;21,9;21,7;;;;;;170;2,9;,9;
2025/12/27;0400 UTC;0;971,2;971,9;971,2;350,7;21,9;;22;21,8;;;;;;111;2,4;1,5;
2025/12/27;0500 UTC;0;970,5;971,2;970,5;347,1;21,7;;21,9;21,7;;;;;;50;2,6;1,4;
2025/12/27;0600 UTC;0;970,1;970,6;970,1;355,5;21,5;;21,7;21,5;;;;;;23;2,8;1,5;
2025/12/27;0700 UTC;0;969,7;970,1;969,6;361,5;21,4;;21,5;21,4;;;;;;35;2,4;,6;
2025/12/27;0800 UTC;0;970,1;970,1;969,6;365,6;21,3;;21,5;21,1;;;;;;319;1,4;,4;
2025/12/27;0900 UTC;0;970,7;970,7;970,1;365,8;21,1;;21,3;21;;;;;;313;2,8;1,2;
2025/12/27;1000 UTC;0;971,5;971,6;970,7;357,8;21,2;;21,4;20,9;;;;;;176;2,4;,9;
2025/12/27;1100 UTC;0;972;972;971,6;346,4;21,9;;21,9;21,2;;;;;;152;3,2;2,2;
2025/12/27;1200 UTC;0;972,8;972,8;972;372,7;23,9;;24,1;21,8;;;;;;232;3,3;1,5;
2025/12/27;1300 UTC;0;972,9;973;972,7;391,6;26,5;;26,6;23,6;;;;;;205;3,2;,7;
2025/12/27;1400 UTC;0;972,9;973,1;972,8;412,7;28,6;;28,6;26,5;;;;;;340;4,3;1,6;
2025/12/27;1500 UTC;,2;972,5;972,9;972,5;406,8;29,3;;29,6;28,2;;;;;;308;4,4;1,3;
2025/12/27;1600 UTC;0;972;972,5;972;425,1;29,9;;30,4;29,1;;;;;;64;4,2;1,8;
2025/12/27;1700 UTC;0;971,1;972;971,1;472,5;31,1;;31,3;29,9;;;;;;37;5,9;3,1;
2025/12/27;1800 UTC;0;969,7;971,1;969,7;467,2;31,4;;31,7;30,6;;;;;;349;5,6;2,4;
2025/12/27;1900 UTC;0;968,6;969,7;968,6;468;31,8;;32,4;31,4;;;;;;345;5,8;2;
2025/12/27;2000 UTC;0;968,2;968,6;968;433,6;30,5;;32,3;30,2;;;;;;105;5,8;3,8;
2025/12/27;2100 UTC;0;968,5;968,5;967,9;407,9;29,6;;31,7;29,6;;;;;;70;8,8;4,2;
2025/12/27;2200 UTC;22;968,9;969,7;968,5;394,3;24,7;;29,5;22,3;;;;;;205;18;1,7;
2025/12/27;2300 UTC;0;970,2;970,2;968,9;398,1;25,5;;25,6;24,2;;;;;;82;4,4;1,7;
2025/12/28;0000 UTC;0;970,6;970,6;970,2;365,7;24,3;;25,7;24,3;;;;;;83;8,1;2,1;
2025/12/28;0100 UTC;0;971,1;971,1;970,6;377,9;24,1;;24,3;23,9;;;;;;105;5,7;2,8;
2025/12/28;0200 UTC;0;971,4;971,6;971,1;368,9;24,3;;24,3;23,9;;;;;;80;4,7;1,9;
2025/12/28;0300 UTC;0;970,7;971,5;970,7;355,2;23,5;;24,5;23,5;;;;;;154;3,6;1,5;
2025/12/28;0400 UTC;0;969,6;970,7;969,6;358,6;23,1;;23,5;22,9;;;;;;123;2,7;1,9;
2025/12/28;0500 UTC;0;969,2;969,6;969,2;362,7;23,1;;23,2;22,9;;;;;;176;2,7;,9;
2025/12/28;0600 UTC;0;969,3;969,4;969,1;357;23;;23,1;22,6;;;;;;104;3;1,7;
2025/12/28;0700 UTC;0;969,2;969,3;969;354,5;22,7;;23,1;22,6;;;;;;326;2,4;,5;
2025/12/28;0800 UTC;0;969,2;969,3;969,2;360,4;22,1;;22,7;21,7;;;;;;253;3,3;1,5;
2025/12/28;0900 UTC;0;970;970;969,2;363,8;22,2;;22,4;22;;;;;;226;3,2;1,6;
2025/12/28;1000 UTC;0;971,1;971,1;970;352,3;22,7;;22,7;22;;;;;;89;3,2;,6;
2025/12/28;1100 UTC;0;971,6;971,6;971,1;339,8;23,2;;23,2;22,7;;;;;;194;2,2;1;
2025/12/28;1200 UTC;0;972;972;971,6;362;25,7;;25,7;23,2;;;;;;326;2,4;1,1;
2025/12/28;1300 UTC;0;972,5;972,5;972;401,3;27,5;;27,5;25,7;;;;;;141;1,9;,9;
2025/12/28;1400 UTC;0;972,1;972,5;972,1;395,3;27,7;;27,7;27,2;;;;;;180;2,8;1,3;
2025/12/28;1500 UTC;0;971,8;972,2;971,8;393,6;28,9;;28,9;27,7;;;;;;137;3,2;1,6;
2025/12/28;1600 UTC;0;970,9;971,8;970,9;408,5;30,9;;31,5;28,8;;;;;;78;3,4;1,3;
2025/12/28;1700 UTC;0;969,3;970,9;969,3;486,4;32,4;;32,8;30,9;;;;;;288;3,7;1,9;
2025/12/28;1800 UTC;0;968;969,3;968;453,3;33,1;;33,3;31,9;;;;;;59;4,7;1,3;
2025/12/28;1900 UTC;0;966,7;968;966,6;428,9;30,9;;33,1;30,9;;;;;;91;6,4;3,9;
2025/12/28;2000 UTC;0;967,1;967,1;966,3;398,2;31,5;;31,8;30,9;;;;;;94;5,9;3;
2025/12/28;2100 UTC;0;966,9;967,3;966,8;395,5;26,5;;31,6;26,5;;;;;;325;6,4;2,6;
2025/12/28;2200 UTC;0;967,8;967,8;966,8;405,7;26,1;;26,5;26,1;;;;;;4;3,9;1,5;
2025/12/28;2300 UTC;0;968,8;968,8;967,8;392,4;25,6;;26,2;25,1;;;;;;90;4,2;1,3;
2025/12/29;0000 UTC;0;970,2;970,3;968,7;389,4;25,5;;25,9;25,1;;;;;;192;2,3;1,5;
2025/12/29;0100 UTC;0;971,4;971,4;970,2;378,3;25;;26,2;25;;;;;;136;6,5;3,1;
2025/12/29;0200 UTC;0;971,6;971,9;971,4;378,8;24;;25;24;;;;;;135;5;2,7;
2025/12/29;0300 UTC;0;971,8;971,9;971,5;380,2;23,9;;24,1;23,8;;;;;;220;3,9;,6;
2025/12/29;0400 UTC;0;971,6;972;971,6;369,6;23,1;;24;23;;;;;;317;2,5;1,4;
2025/12/29;0500 UTC;0;970,8;971,7;970,8;373;23,3;;23,3;22,9;;;;;;234;2,1;1,1;
2025/12/29;0600 UTC;0;971;971;970,6;365,1;22,6;;23,3;22,6;;;;;;351;3,5;1,5;
2025/12/29;0700 UTC;0;970,5;971;970,5;366,8;22,6;;22,6;22,5;;;;;;232;2,4;,5;
2025/12/29;0800 UTC;0;970,5;970,5;970,3;365,5;21,9;;22,8;21,9;;;;;;309;3,1;1,7;
2025/12/29;0900 UTC;0;971;971;970,3;369,4;22,1;;22,2;21,9;;;;;;336;2,3;,8;
2025/12/29;1000 UTC;0;971,3;971,3;970,9;366,8;22,1;;22,1;21,6;;;;;;266;4,6;2,9;
2025/12/29;1100 UTC;0;971,8;971,8;971,2;350,5;23,4;;23,4;22,1;;;;;;271;5,3;2,9;
2025/12/29;1200 UTC;0;972,1;972,2;971,8;365,4;24,1;;24,2;23,4;;;;;;230;5,3;1,5;
2025/12/29;1300 UTC;0;972,4;972,4;972,1;366,8;25;;25;24,1;;;;;;189;4,1;2,9;
2025/12/29;1400 UTC;0;972,4;972,7;972,3;371,6;26,6;;26,8;25;;;;;;193;5,4;2,3;
2025/12/29;1500 UTC;0;972,3;972,5;972,3;383,7;28,1;;28,2;26,6;;;;;;290;3,9;1,3;
2025/12/29;1600 UTC;0;971,7;972,3;971,7;380,4;30,4;;30,4;28,1;;;;;;118;3,5;1,5;
2025/12/29;1700 UTC;0;970,8;971,7;970,8;397,4;31,4;;31,9;30;;;;;;35;3,7;1,8;
2025/12/29;1800 UTC;0;969;970,8;969;430,8;32,4;;32,9;31,4;;;;;;308;4,6;1,4;
2025/12/29;1900 UTC;0;967,5;969;967,5;396,3;32;;33,2;31,8;;;;;;360;3,9;1,4;
2025/12/29;2000 UTC;0;966,9;967,5;966,8;382,1;32,6;;33,4;31,1;;;;;;246;2,5;1,2;
2025/12/29;2100 UTC;0;967;967,1;966,9;380,1;32,3;;33,3;32,1;;;;;;213;4,3;1,7;
2025/12/29;2200 UTC;0;967,6;967,6;967;355,7;30,5;;32,3;30,5;;;;;;255;3,3;1;
2025/12/29;2300 UTC;0;968,7;968,7;967,6;369;29;;30,5;28,2;;;;;;280;2,6;2,1;
2025/12/30;0000 UTC;0;970,1;970,1;968,7;376,5;26,8;;29,2;26,8;;;;;;236;5;1,3;
2025/12/30;0100 UTC;0;971,2;971,2;970,1;383,5;26,2;;26,8;25,6;;;;;;187;4,5;3;
2025/12/30;0200 UTC;0;971,5;971,5;971,1;372,7;25,4;;26,3;25,4;;;;;;188;4,6;1,9;
2025/12/30;0300 UTC;0;973,2;973,2;971,5;364,3;24,8;;25,9;24,8;;;;;;78;10,1;5,2;
2025/12/30;0400 UTC;8,4;973,3;973,3;972,9;387,1;21,5;;24,8;21,5;;;;;;10;14,6;2,1;
2025/12/30;0500 UTC;2,6;972,9;973,3;972,9;391,9;21,5;;21,6;21,5;;;;;;27;7,3;2,9;
2025/12/30;0600 UTC;9,4;972,8;973;972,8;376,4;21,5;;21,5;21,3;;;;;;31;5,5;1,6;
2025/12/30;0700 UTC;3,2;972,2;972,8;972,2;369,1;21,4;;21,5;21,3;;;;;;312;3,7;1,8;
2025/12/30;0800 UTC;,4;972,2;972,3;972,1;359,1;21,4;;21,5;21,3;;;;;;203;2,8;1,6;
2025/12/30;0900 UTC;0;972,5;972,5;972,2;354;21,4;;21,4;21,3;;;;;;172;3,1;2,3;
2025/12/30;1000 UTC;0;973,3;973,3;972,5;348,8;21,4;;21,5;21,4;;;;;;152;5,6;3,2;
2025/12/30;1100 UTC;0;974;974;973,3;341,6;21,6;;21,6;21,4;;;;;;136;5,8;3,6;
2025/12/30;1200 UTC;0;974,2;974,2;973,9;334,2;23;;23,1;21,6;;;;;;135;5,1;2,5;
2025/12/30;1300 UTC;0;974,8;974,8;974,2;368,8;24,5;;24,5;23;;;;;;131;4,6;3;
2025/12/30;1400 UTC;0;975,6;975,6;974,8;373,8;24,7;;24,7;24,1;;;;;;71;5,2;2,7;
2025/12/30;1500 UTC;0;975,2;975,7;975,2;359,3;25,7;;25,9;24,6;;;;;;44;5,4;2,5;
2025/12/30;1600 UTC;0;974,7;975,2;974,7;371,8;27;;27;25,7;;;;;;23;5,2;2,3;
2025/12/30;1700 UTC;0;973,7;974,7;973,7;363,3;27,2;;27,3;26,6;;;;;;3;5,2;2,1;
2025/12/30;1800 UTC;0;972,8;973,7;972,8;358,6;27,6;;27,8;27,1;;;;;;50;4,5;2,1;
2025/12/30;1900 UTC;0;971,2;972,8;971,2;336;27,6;;27,8;27,5;;;;;;75;4,8;2,4;
2025/12/30;2000 UTC;0;969,3;971,2;969,3;321,5;27,5;;27,7;27,3;;;;;;115;4,4;1,6;
2025/12/30;2100 UTC;0;968,6;969,3;968,6;315,3;27,5;;27,6;27,1;;;;;;211;4,2;2,2;
2025/12/30;2200 UTC;0;968,7;968,7;968,5;309,1;26,8;;27,9;26,8;;;;;;262;4,2;1,5;
2025/12/30;2300 UTC;0;970,1;970,1;968,7;332,4;25,7;;26,8;25,7;;;;;;358;2,8;1,4;
2025/12/31;0000 UTC;0;971;971;970,1;363,9;25,3;;25,7;25,1;;;;;;352;2,9;,7;
2025/12/31;0100 UTC;0;972,2;972,2;971;355,9;24,9;;25,5;24,8;;;;;;317;1,9;,7;
2025/12/31;0200 UTC;0;973,5;973,5;972,2;353,9;24,9;;25,1;24,8;;;;;;37;2,5;1,4;
2025/12/31;0300 UTC;0;973,8;973,8;973,4;346;24,7;;24,9;24,7;;;;;;55;2,1;1,1;
2025/12/31;0400 UTC;0;973,1;973,8;973,1;346,7;24,4;;24,7;24,4;;;;;;86;2,4;,4;
2025/12/31;0500 UTC;0;972,4;973,1;972,4;346,6;23,9;;24,5;23,9;;;;;;101;2,4;,4;
2025/12/31;0600 UTC;0;972,2;972,4;972,2;348,4;23,7;;23,9;23,6;;;;;;128;2;,8;
2025/12/31;0700 UTC;0;972;972,3;972;346,8;23,6;;23,9;23,6;;;;;;276;1,2;,3;
2025/12/31;0800 UTC;0;972,5;972,5;971,9;342,5;23,5;;23,7;23,5;;;;;;23;1,9;,8;
2025/12/31;0900 UTC;0;972,8;972,8;972,5;341,3;23,4;;23,5;23,4;;;;;;23;1,8;1,1;
2025/12/31;1000 UTC;0;973,5;973,5;972,7;349,1;22,9;;23,4;22,9;;;;;;7;2,3;1,4;
2025/12/31;1100 UTC;0;974,1;974,1;973,5;342,4;23,8;;23,8;22,8;;;;;;33;2,6;1,5;
2025/12/31;1200 UTC;0;974,6;974,6;974,1;344,9;25,2;;25,2;23,9;;;;;;41;2,9;1,5;
2025/12/31;1300 UTC;0;975,1;975,1;974,6;369,3;26,5;;26,8;25,2;;;;;;39;3,6;2,1;
2025/12/31;1400 UTC;0;975,2;975,3;975,1;367,5;28,6;;28,6;26,5;;;;;;104;3,4;,9;
2025/12/31;1500 UTC;0;974,9;975,2;974,9;368,5;28,6;;28,8;28,1;;;;;;103;3,5;1,8;
2025/12/31;1600 UTC;0;974,2;974,9;974,2;372,4;30;;30,1;28,6;;;;;;126;4;1,8;
2025/12/31;1700 UTC;0;973,1;974,2;973,1;387,2;31,3;;31,7;29,9;;;;;;154;4,8;2,6;
2025/12/31;1800 UTC;0;971,5;973,1;971,5;388,9;31,5;;31,8;30,5;;;;;;123;4,8;1,7;
2025/12/31;1900 UTC;0;970,1;971,5;970,1;349,3;31,3;;32;30,6;;;;;;97;4,7;2,2;
2025/12/31;2000 UTC;0;969,7;970,1;969,6;323,9;29,7;;31,8;29,7;;;;;;144;6,7;3,1;
2025/12/31;2100 UTC;0;969,4;969,7;969,2;335;31;;31,3;29,7;;;;;;40;4,5;1,9;
2025/12/31;2200 UTC;0;969,9;969,9;969,4;317,6;29,3;;31,1;29,3;;;;;;354;3,9;1,9;
2025/12/31;2300 UTC;0;970,7;970,7;969,9;350,4;27,1;;29,3;27,1;;;;;;351;3,9;,8;
